-- phpMyAdmin SQL Dump
-- version 4.8.5
-- https://www.phpmyadmin.net/
--
-- Host: localhost
-- Generation Time: Jul 16, 2020 at 03:37 AM
-- Server version: 5.5.60-MariaDB
-- PHP Version: 7.1.33

SET SQL_MODE = "NO_AUTO_VALUE_ON_ZERO";
SET AUTOCOMMIT = 0;
START TRANSACTION;
SET time_zone = "+00:00";


/*!40101 SET @OLD_CHARACTER_SET_CLIENT=@@CHARACTER_SET_CLIENT */;
/*!40101 SET @OLD_CHARACTER_SET_RESULTS=@@CHARACTER_SET_RESULTS */;
/*!40101 SET @OLD_COLLATION_CONNECTION=@@COLLATION_CONNECTION */;
/*!40101 SET NAMES utf8mb4 */;

--
-- Database: `kkn_new`
--

-- --------------------------------------------------------

--
-- Table structure for table `domisili_kabupaten`
--

CREATE TABLE `domisili_kabupaten` (
  `id_kabupaten` int(10) NOT NULL,
  `nama_kabupaten` varchar(50) NOT NULL
) ENGINE=InnoDB DEFAULT CHARSET=utf8mb4;

--
-- Dumping data for table `domisili_kabupaten`
--

INSERT INTO `domisili_kabupaten` (`id_kabupaten`, `nama_kabupaten`) VALUES
(1, 'Lampung Barat'),
(2, 'Lampung Selatan'),
(3, 'Lampung Tengah'),
(4, 'Lampung Timur'),
(5, 'Lampung Utara'),
(6, 'Mesuji'),
(7, 'Pesawaran'),
(8, 'Pesisir Barat'),
(9, 'Pringsewu'),
(10, 'Tanggamus'),
(11, 'Tulang Bawang'),
(12, 'Tulang Bawang Barat'),
(13, 'Way Kanan'),
(14, 'Bandar Lampung'),
(15, 'Metro'),
(16, 'Lainnya');

-- --------------------------------------------------------

--
-- Table structure for table `domisili_kecamatan`
--

CREATE TABLE `domisili_kecamatan` (
  `id_kecamatan` int(100) NOT NULL,
  `id_kabupaten` int(10) NOT NULL,
  `nama_kecamatan` varchar(100) NOT NULL
) ENGINE=InnoDB DEFAULT CHARSET=utf8mb4;

--
-- Dumping data for table `domisili_kecamatan`
--

INSERT INTO `domisili_kecamatan` (`id_kecamatan`, `id_kabupaten`, `nama_kecamatan`) VALUES
(1, 1, 'Air Hitam'),
(2, 1, 'Balik Bukit'),
(3, 1, 'Bandar Negeri Suoh'),
(4, 1, 'Batu Brak'),
(5, 1, 'Batu Ketulis'),
(6, 1, 'Belalau'),
(7, 1, 'Gedung Surian'),
(8, 1, 'Kebun Tebu'),
(9, 1, 'Lumbok Seminung'),
(10, 1, 'Pagar Dewa'),
(11, 1, 'Sekincau'),
(12, 1, 'Sukau'),
(13, 1, 'Suoh'),
(14, 1, 'Sumber Jaya'),
(15, 1, 'Way Tenong'),
(16, 2, 'Bakauheni'),
(17, 2, 'Candipuro'),
(18, 2, 'Jati Agung'),
(19, 2, 'Kalianda'),
(20, 2, 'Katibung'),
(21, 2, 'Ketapang'),
(22, 2, 'Merbau Mataram'),
(23, 2, 'Natar'),
(24, 2, 'Palas'),
(25, 2, 'Penengahan'),
(26, 2, 'Rajabasa'),
(27, 2, 'Sidomulyo'),
(28, 2, 'Sragi'),
(29, 2, 'Tanjung Bintang'),
(30, 2, 'Tanjungsari'),
(31, 2, 'Way Panji'),
(32, 2, 'Way Sulan'),
(33, 3, 'Anak Ratu Aji'),
(34, 3, 'Anak Tuha'),
(35, 3, 'Bandar Mataram'),
(36, 3, 'Bandar Surabaya'),
(37, 3, 'Bangun Rejo'),
(38, 3, 'Bekri'),
(39, 3, 'Bumi Nabung'),
(40, 3, 'Bumi Ratu Nuban'),
(41, 3, 'Gunung Sugih'),
(42, 3, 'Kali Rejo'),
(43, 3, 'Kota Gajah'),
(44, 3, 'Padang Ratu'),
(45, 3, 'Pubian'),
(46, 3, 'Punggur'),
(47, 3, 'Putra Rumbia'),
(48, 3, 'Rumbia'),
(49, 3, 'Selagai Lingga'),
(50, 3, 'Sendang Agung'),
(51, 3, 'Seputih Agung'),
(52, 3, 'Seputih Banyak'),
(53, 3, 'Seputih Mataram'),
(54, 3, 'Seputih Raman'),
(55, 3, 'Seputih Surabaya'),
(56, 3, 'Terbanggi Besar'),
(57, 3, 'Terusan Nunyai'),
(58, 3, 'Trimurjo'),
(59, 3, 'Way Pengubuan'),
(60, 3, 'Way Seputih'),
(61, 4, 'Bandar Sribawono'),
(62, 4, 'Batang Hari'),
(63, 4, 'Batang Hari Nuban'),
(64, 4, 'Braja Slebah'),
(65, 4, 'Bumi Agung'),
(66, 4, 'Gunung Pelindung'),
(67, 4, 'Jabung'),
(68, 4, 'Labuhan Maringgai'),
(69, 4, 'Labuhan Ratu'),
(70, 4, 'Marga Sekampung'),
(71, 4, 'Marga Tiga'),
(72, 4, 'Mataram Baru'),
(73, 4, 'Melinting'),
(74, 4, 'Metro Kibang'),
(75, 4, 'Pasir Sakti'),
(76, 4, 'Pekalongan'),
(77, 4, 'Purbolinggo'),
(78, 4, 'Raman Utara'),
(79, 4, 'Sekampung'),
(80, 4, 'Sekampung Udik'),
(81, 4, 'Sukadana'),
(82, 4, 'Waway Karya'),
(83, 4, 'Way Bungur'),
(84, 4, 'Way Jepara'),
(85, 5, 'Abung Barat'),
(86, 5, 'Abung Kunang'),
(87, 5, 'Abung Pekurun'),
(88, 5, 'Abung Selatan'),
(89, 5, 'Abung Semuli'),
(90, 5, 'Abung Surakarta'),
(91, 5, 'Abung Tengah'),
(92, 5, 'Abung Timur'),
(93, 5, 'Abung Tinggi'),
(94, 5, 'Blambangan Pagar'),
(95, 5, 'Bukit Kemuning'),
(96, 5, 'Bunga Mayang'),
(97, 5, 'Hulu Sungai'),
(98, 5, 'Kotabumi'),
(99, 5, 'Kotabumi Selatan'),
(100, 5, 'Kotabumi Utara'),
(101, 5, 'Muara Sungkai'),
(102, 5, 'Sungkai Barat'),
(103, 5, 'Sungkai Jaya'),
(104, 5, 'Sungkai Selatan'),
(105, 5, 'Sungkai Tengah'),
(106, 5, 'Sungkai Utara'),
(107, 5, 'Tanjung Raja'),
(108, 6, 'Mesuji'),
(109, 6, 'Mesuji Timur'),
(110, 6, 'Panca Jaya'),
(111, 6, 'Rawa Jitu Utara'),
(112, 6, 'Simpang Pematang'),
(113, 6, 'Tanjung Raya'),
(114, 6, 'Way Serdang'),
(115, 7, 'Gedong Tataan'),
(116, 7, 'Kedondong'),
(117, 7, 'Negeri Katon'),
(118, 7, 'Padang Cermin'),
(119, 7, 'Punduh Pidada'),
(120, 7, 'Tegineneng'),
(121, 7, 'Way Lima'),
(122, 7, 'Way Khilau'),
(123, 7, 'Marga Punduh'),
(124, 7, 'Teluk Pandan'),
(125, 7, 'Way Ratai'),
(126, 8, 'Bangkunat'),
(127, 8, 'Ngaras'),
(128, 8, 'Ngambur'),
(129, 8, 'Pesisir Selatan'),
(130, 8, 'Krui Selatan'),
(131, 8, 'Pesisir Tengah'),
(132, 8, 'Way Krui'),
(133, 8, 'Karya Penggawa'),
(134, 8, 'Pesisir Utara'),
(135, 8, 'Lemong'),
(136, 8, 'Pulau Pisang'),
(137, 9, 'Pardasuka'),
(138, 9, 'Ambarawa'),
(139, 9, 'Pagelaran'),
(140, 9, 'Pagelaran Utara'),
(141, 9, 'Pringsewu'),
(142, 9, 'Gading Rejo'),
(143, 9, 'Sukoharjo'),
(144, 9, 'Banyumas'),
(145, 9, 'Adiluwih'),
(146, 10, 'Air Naningan'),
(147, 10, 'Bandar Negeri Semuong'),
(148, 10, 'Bulok'),
(149, 10, 'Cukuh Balak'),
(150, 10, 'Gisting'),
(151, 10, 'Kota Agung Barat'),
(152, 10, 'Kota Agung Pusat'),
(153, 10, 'Kota Agung Timur'),
(154, 10, 'Kelumbayan'),
(155, 10, 'Kelumbayan Barat'),
(156, 10, 'Limau'),
(157, 10, 'Pematang Sawa'),
(158, 10, 'Pugung'),
(159, 10, 'Pulau Panggung'),
(160, 10, 'Semaka'),
(161, 10, 'Sumberejo'),
(162, 10, 'Talang Padang'),
(163, 10, 'Ulubelu'),
(164, 10, 'Wonosobo'),
(165, 11, 'Banjar Agung'),
(166, 11, 'Banjar Baru'),
(167, 11, 'Banjar Margo'),
(168, 11, 'Dente Teladas'),
(169, 11, 'Gedung Aji'),
(170, 11, 'Gedung Aji Baru'),
(171, 11, 'Gedung Meneng'),
(172, 11, 'Menggala'),
(173, 11, 'Menggala Timur'),
(174, 11, 'Meraksa Aji'),
(175, 11, 'Penawar Aji'),
(176, 11, 'Penawar Tama'),
(177, 11, 'Rawa Jitu Selatan'),
(178, 11, 'Rawa Jitu Timur'),
(179, 11, 'Rawa Pitu'),
(180, 12, 'Tulang Bawang Tengah'),
(181, 12, 'Tumijajar'),
(182, 12, 'Tulang Bawang Udik'),
(183, 12, 'Pagar Dewa'),
(184, 12, 'Way Kenanga'),
(185, 12, 'Lambu Kibang'),
(186, 12, 'Gunung Agung'),
(187, 12, 'Gunung Terang'),
(188, 12, 'Batu Putih'),
(189, 13, 'Bahuga'),
(190, 13, 'Banjit'),
(191, 13, 'Baradatu'),
(192, 13, 'Blambangan Umpu'),
(193, 13, 'Buay Bahuga'),
(194, 13, 'Bumi Agung'),
(195, 13, 'Gunung Labuhan'),
(196, 13, 'Kasui'),
(197, 13, 'Negara Batin'),
(198, 13, 'Negeri Agung'),
(199, 13, 'Negeri Besar'),
(200, 13, 'Pakuan Ratu'),
(201, 13, 'Rebang Tangkas'),
(202, 13, 'Way Tuba'),
(203, 14, 'Bumi Waras'),
(204, 14, 'Enggal'),
(205, 14, 'Kedamaian'),
(206, 14, 'Kedaton'),
(207, 14, 'Kemiling'),
(208, 14, 'Labuhan Ratu'),
(209, 14, 'Langkapura'),
(210, 14, 'Panjang'),
(211, 14, 'Rajabasa'),
(212, 14, 'Sukabumi'),
(213, 14, 'Sukarame'),
(214, 14, 'Tanjung Karang Barat'),
(215, 14, 'Tanjung Karang Pusat'),
(216, 14, 'Tanjung Karang Timur'),
(217, 14, 'Tanjung Senang'),
(218, 14, 'Teluk Betung Barat'),
(219, 14, 'Teluk Betung Selatan'),
(220, 14, 'Teluk Betung Timur'),
(221, 14, 'Teluk Betung Utara'),
(222, 14, 'Way Halim'),
(223, 15, 'Metro Barat'),
(224, 15, 'Metro Pusat'),
(225, 15, 'Metro Selatan'),
(226, 15, 'Metro Timur'),
(227, 15, 'Metro Utara'),
(228, 16, 'Lainnya');

-- --------------------------------------------------------

--
-- Table structure for table `lokasi_desa`
--

CREATE TABLE `lokasi_desa` (
  `id_desa` int(100) NOT NULL,
  `id_kecamatan` int(100) NOT NULL,
  `nama_desa` varchar(255) NOT NULL
) ENGINE=InnoDB DEFAULT CHARSET=latin1;

--
-- Dumping data for table `lokasi_desa`
--

INSERT INTO `lokasi_desa` (`id_desa`, `id_kecamatan`, `nama_desa`) VALUES
(1, 1, 'Gunung Terang'),
(2, 1, 'Mangarai'),
(3, 1, 'Rigis Jaya'),
(4, 1, 'Semarang Jaya'),
(5, 1, 'Sidodadi'),
(6, 1, 'Sinar Jaya'),
(7, 1, 'Sri Menanti'),
(8, 1, 'Sukadamai'),
(9, 1, 'Sukajadi'),
(10, 1, 'Sumber Alam'),
(11, 2, 'Bahway'),
(12, 2, 'Gunung Sugih'),
(13, 2, 'Kubu Perahu'),
(14, 2, 'Padang Cahya'),
(15, 2, 'Padang Dalom'),
(16, 2, 'Pasar Liwa'),
(17, 2, 'Sebarus'),
(18, 2, 'Sedampah Indah'),
(19, 2, 'Sukarame'),
(20, 2, 'Watas'),
(21, 2, 'Way Empulau Ulu'),
(22, 2, 'Way Mengaku'),
(23, 3, 'Bandar Agung'),
(24, 3, 'Bumi Hantatai'),
(25, 3, 'Gunung Ratu'),
(26, 3, 'Negeri Jaya'),
(27, 3, 'Ringin Jaya'),
(28, 3, 'Srimulyo'),
(29, 3, 'Suoh'),
(30, 3, 'Tanjungsari'),
(31, 3, 'Tembelang'),
(32, 3, 'Tri Mekar Jaya'),
(33, 4, 'Canggu'),
(34, 4, 'Gunung Sugih'),
(35, 4, 'Kegeringan'),
(36, 4, 'Kembahang'),
(37, 4, 'Kota Besi'),
(38, 4, 'Negeri Ratu'),
(39, 4, 'Pekon Balak'),
(40, 4, 'Sukabumi'),
(41, 4, 'Sukaraja'),
(42, 6, 'Argo Mulyo'),
(43, 6, 'Atar Bawang'),
(44, 6, 'Bakhu'),
(45, 6, 'Batu Kebayan'),
(46, 6, 'Bedudu'),
(47, 6, 'Bumi Agung'),
(48, 6, 'Hujung'),
(49, 6, 'Kejadian'),
(50, 6, 'Kenali'),
(51, 6, 'Luas'),
(52, 6, 'Sukarame'),
(53, 6, 'Turgak'),
(54, 7, 'Gedung Surian'),
(55, 7, 'Kelurahan GS 2'),
(56, 7, 'Kelurahan GS 3'),
(57, 7, 'Kelurahan GS 4'),
(58, 7, 'Kelurahan GS 5'),
(59, 9, 'Lumbok Seminung'),
(60, 9, 'Lumbok Seminung 2'),
(61, 9, 'Lumbok Seminung 3'),
(62, 9, 'Lumbok Seminung 4'),
(63, 9, 'Lumbok Seminung 5'),
(64, 11, 'Basungan'),
(65, 11, 'Giham Sukamaju'),
(66, 11, 'Mekar Sari'),
(67, 11, 'Pahayu Jaya'),
(68, 11, 'Pampangan'),
(69, 11, 'Sekincau'),
(70, 11, 'Sidomulyo'),
(71, 11, 'Tiga Jaya'),
(72, 11, 'Waspada'),
(73, 12, 'Bandar Baru'),
(74, 12, 'Buay Nyerupa'),
(75, 12, 'Bumi Jaya'),
(76, 12, 'Hanakau'),
(77, 12, 'Heni Harong'),
(78, 12, 'Jaga Raga'),
(79, 12, 'Lombok'),
(80, 12, 'Pagar Dewa'),
(81, 12, 'Suka Banjar'),
(82, 12, 'Suka Mulya'),
(83, 12, 'Sukaurip'),
(84, 12, 'Tanjung Raya'),
(85, 12, 'Tapak Siring'),
(86, 12, 'Teba Pering Raya'),
(87, 14, 'Bandar Agung'),
(88, 14, 'Banding Agung'),
(89, 14, 'Bumi Hamtatai'),
(90, 14, 'Gunung Ratu'),
(91, 14, 'Rowo Rejo'),
(92, 14, 'Srimulyo'),
(93, 14, 'Suka Marga'),
(94, 14, 'Sumber Agung'),
(95, 14, 'Suoh'),
(96, 14, 'Suoh 2'),
(97, 14, 'Suoh 3'),
(98, 14, 'Tugu Ratu'),
(99, 15, 'Fajar Bulan'),
(100, 15, 'Gunung Terang'),
(101, 15, 'Karang Agung'),
(102, 15, 'Mutar Alam'),
(103, 15, 'Padang Tambak'),
(104, 15, 'Pura Laksana'),
(105, 15, 'Semarang Jaya'),
(106, 15, 'Sidodadi'),
(107, 15, 'Sri Menanti'),
(108, 15, 'Sukananti'),
(109, 15, 'Sukaraja'),
(110, 15, 'Sumber Alam'),
(111, 15, 'Tambak Jaya'),
(112, 15, 'Tanjung Raya'),
(113, 16, 'Bakauheni'),
(114, 16, 'Hatta (Hata)'),
(115, 16, 'Kelawi'),
(116, 16, 'Semanak'),
(117, 16, 'Totoharjo'),
(118, 17, 'Banyumas'),
(119, 17, 'Batuliman Indah'),
(120, 17, 'Beringin Kencana'),
(121, 17, 'Bumi Jaya'),
(122, 17, 'Cinta Mulya'),
(123, 17, 'Karya Mulya Sari'),
(124, 17, 'Rantau Minyak'),
(125, 17, 'Rawa Selapan'),
(126, 17, 'Sidoasri'),
(127, 17, 'Sinar Palembang'),
(128, 17, 'Sinar Pasemah'),
(129, 17, 'Titiwangi'),
(130, 17, 'Trimomukti'),
(131, 17, 'Way Gelam'),
(132, 18, 'Banjar Agung'),
(133, 18, 'Fajar Baru'),
(134, 18, 'Gedung Agung'),
(135, 18, 'Gedung Harapan'),
(136, 18, 'Jatimulyo'),
(137, 18, 'Karang Anyar'),
(138, 18, 'Karang Rejo'),
(139, 18, 'Karang Sari'),
(140, 18, 'Marga Kaya'),
(141, 18, 'Marga/Margo Agung'),
(142, 18, 'Margo Dadi/Dari'),
(143, 18, 'Margo Lestari'),
(144, 18, 'Margo Rejo'),
(145, 18, 'Margomulyo'),
(146, 18, 'Purwotani'),
(147, 18, 'Rejomulyo'),
(148, 18, 'Sidoasri (Sidodadi A'),
(149, 18, 'Sidoharjo'),
(150, 18, 'Sinar Rejeki'),
(151, 18, 'Sumber Jaya'),
(152, 18, 'Way Huwi'),
(153, 19, 'Agom'),
(154, 19, 'Babulang'),
(155, 19, 'Buah Berak'),
(156, 19, 'Bumi Agung'),
(157, 19, 'Bulok'),
(158, 19, 'Canggu'),
(159, 19, 'Gunung Terang'),
(160, 19, 'Jondong'),
(161, 19, 'Kalianda'),
(162, 19, 'Kecapi'),
(163, 19, 'Kedaton'),
(164, 19, 'Kesugihan'),
(165, 19, 'Maja'),
(166, 19, 'Marga Catur'),
(167, 19, 'Merak Belantung'),
(168, 19, 'Munjuk Sempurna'),
(169, 19, 'Negeri Pandan'),
(170, 19, 'Palembapang'),
(171, 19, 'Pauh Tanjung Iman'),
(172, 19, 'Pematang'),
(173, 19, 'Suka Tani'),
(174, 19, 'Sukaratu'),
(175, 19, 'Sumurkumbang'),
(176, 19, 'Tajimalela'),
(177, 19, 'Taman Agung'),
(178, 19, 'Tengkujuh'),
(179, 19, 'Wayurang'),
(180, 20, 'Babatan'),
(181, 20, 'Karya Tunggal'),
(182, 20, 'Neglasari'),
(183, 20, 'Pardasuka'),
(184, 20, 'Rangai Tri Tunggal'),
(185, 20, 'Sidomekar'),
(186, 20, 'Sukajaya'),
(187, 20, 'Tanjungagung'),
(188, 20, 'Tanjungan'),
(189, 20, 'Tanjungratu'),
(190, 20, 'Tarahan'),
(191, 20, 'Trans Tanjungan'),
(192, 78, 'Kebon Damar'),
(193, 78, 'Mandala Sari'),
(194, 78, 'Mataram Baru'),
(195, 78, 'Rajabasa Baru'),
(196, 78, 'Teluk Dalem'),
(197, 78, 'Tulungpasik'),
(198, 78, 'Way Areng'),
(199, 63, 'Bumi Ayu'),
(200, 63, 'Bumi Nabung Udik'),
(201, 63, 'Mataram Marga'),
(202, 63, 'Muara Jaya'),
(203, 63, 'Negara Nabung'),
(204, 63, 'Pakuan Aji'),
(205, 63, 'Pasar Sukadana'),
(206, 63, 'Putra Aji Dua'),
(207, 63, 'Putra Aji Satu'),
(208, 63, 'Raja Basa Batanghari'),
(209, 63, 'Rantau Jaya Udik I'),
(210, 63, 'Rantau Jaya Udik II'),
(211, 63, 'Sukadana'),
(212, 63, 'Sukadana Ilir'),
(213, 63, 'Sukadana Timur'),
(214, 63, 'Surabaya Udik'),
(215, 63, 'Terbanggi Marga'),
(217, 185, 'Kiling_kiling'),
(218, 185, 'Kaliawi'),
(219, 185, 'Tiyuh Baru'),
(220, 185, 'Negeri Jaya'),
(221, 185, 'Bima Sakti'),
(222, 185, 'Kaliawi Indah'),
(223, 183, 'Negera Batin'),
(224, 183, 'Bumi Jaya'),
(225, 183, 'Kota Jawa'),
(226, 183, 'Purwa Agung'),
(227, 183, 'Purwa Negara'),
(228, 183, 'Marga Jaya'),
(229, 183, 'Srimulyo'),
(230, 186, 'Serupa Indah'),
(231, 186, 'Pakuan Sakti'),
(232, 186, 'Pakuan Baru'),
(233, 186, 'Way Tawar'),
(234, 186, 'Negara Tama'),
(235, 186, 'Pakuan Ratu'),
(236, 186, 'Tanjung Serupa'),
(237, 175, 'Bumi Agung Wates'),
(238, 175, 'Serdang Kuring'),
(239, 175, 'Sapto Renggo'),
(240, 175, 'Kota Dewa'),
(241, 175, 'Mekar Jaya'),
(242, 179, 'Sukadana'),
(243, 179, 'Lebung Lawe'),
(244, 179, 'Way Agung'),
(245, 179, 'Bumi Harjo'),
(246, 179, 'Punjul Agung'),
(247, 179, 'Sri Tunggal'),
(248, 179, 'Suka Agung'),
(249, 180, 'Sri Numpi'),
(250, 180, 'Pisang Baru'),
(251, 180, 'Suka Maju'),
(252, 180, 'Wonoharjo'),
(253, 180, 'Bumi Sai Agung'),
(254, 180, 'Pisang Indah'),
(255, 188, 'Way Tuba'),
(256, 188, 'Way Tuba Asri'),
(257, 188, 'Karya Jaya'),
(258, 188, 'Ramsai'),
(259, 188, 'Way Pisang'),
(260, 188, 'Suma Mukti'),
(261, 188, 'Bandar Sari'),
(262, 181, 'Suka Negeri'),
(263, 181, 'Labuhan Jaya'),
(264, 181, 'Negeri Mulyo'),
(265, 181, 'Negeri Ujan Emas'),
(266, 181, 'Way Tuba'),
(267, 181, 'Gunung Sari'),
(299, 152, 'Banjar Agung'),
(300, 152, 'Banjar Dewa'),
(301, 152, 'Tri Tunggal Jaya'),
(303, 152, 'Dwi Warga Tunggal Jaya'),
(304, 152, 'Tri Mulya Jaya'),
(305, 152, 'Warga Indah Jaya'),
(306, 152, 'Moris Jaya'),
(307, 152, 'Tri Mukti Jaya'),
(308, 152, 'Warga Makmur Jaya'),
(309, 152, 'Tri Dharma Wirajaya'),
(310, 152, 'Tunggal Warga'),
(312, 154, 'Agung Dalem'),
(313, 154, 'Bujuk Agung'),
(314, 154, 'Catur Karya Buana Jaya'),
(315, 154, 'Penawar Jaya'),
(316, 154, 'Purwajaya'),
(317, 154, 'Ringin Sari'),
(318, 154, 'Sukamaju'),
(319, 155, 'Bratasena Adiwarna'),
(320, 155, 'Bratasena Mandiri'),
(321, 155, 'Kekatung'),
(322, 155, 'Kuala Teladas'),
(323, 155, 'Mahabang'),
(324, 155, 'Pasiran Jaya'),
(325, 155, 'Sungai Burung'),
(326, 155, 'Teladas'),
(327, 156, 'Aji Jaya KNPI'),
(328, 156, 'Gedung Aji'),
(329, 156, 'Kecubung Jaya'),
(330, 156, 'Kecubung Mulya'),
(333, 156, 'Penawar'),
(336, 157, 'Batu Ampar'),
(337, 157, 'Makarti Tama'),
(338, 157, 'Mesir Dwi Jaya'),
(339, 157, 'Setia Tama'),
(340, 157, 'Sido Mukti'),
(341, 157, 'Suka Bhakti'),
(342, 158, 'Bakung Ilir'),
(343, 158, 'Bakung Udik'),
(344, 158, 'Gedung Bandar Rejo'),
(345, 158, 'Gedung Meneng'),
(346, 158, 'Gunung Tapa'),
(347, 159, 'Menggala Kota'),
(348, 159, 'Menggala Selatan'),
(349, 159, 'Menggala Tengah'),
(350, 159, 'Ujung Gunung'),
(351, 159, 'Astra Kesetra '),
(352, 159, 'Bujung Tenuk'),
(353, 159, 'Ujung Gunung Ilir'),
(354, 159, 'Kagungan Rahayu'),
(355, 159, 'Tiyuh Tohou'),
(358, 161, 'Bangun Rejo'),
(359, 161, 'Bina Bumi'),
(360, 161, 'Karya Bakti'),
(361, 161, 'Kecubung Raya'),
(362, 161, 'Marga Jaya'),
(363, 161, 'Mulyo Aji'),
(364, 161, 'Paduan Rajawali'),
(366, 161, 'Sukarame'),
(368, 162, 'Gedung Asri'),
(369, 162, 'Gedung Harapan'),
(370, 162, 'Gedung Rejo Sakti'),
(371, 162, 'Karya Makmur'),
(372, 162, 'Panca Tunggal Jaya'),
(373, 162, 'Pasar Batang'),
(375, 162, 'Suka Makmur'),
(376, 162, 'Sumber Sari'),
(377, 162, 'Wonorejo'),
(378, 163, 'Dwi Mulyo'),
(379, 163, 'Boga Tama'),
(380, 163, 'Pulo Gadung'),
(381, 163, 'Sidodadi'),
(382, 163, 'Rejo Sari'),
(383, 163, 'Wira Agung Sari'),
(384, 163, 'Sidoharjo'),
(385, 163, 'Sidomulyo'),
(386, 163, 'Sido Makmur'),
(387, 163, 'Tri Jaya'),
(388, 163, 'Tri Rejo Mulyo'),
(389, 163, 'Tri Tunggal Jaya'),
(390, 163, 'Wiratama'),
(391, 164, 'Bumi Ratu'),
(392, 164, 'Gedung Karya Jitu'),
(393, 164, 'Hargo Mulyo'),
(394, 164, 'Hargo Rejo'),
(395, 164, 'Karya Jitu Mukti'),
(396, 164, 'Meda Sari'),
(397, 164, 'Wono Agung'),
(398, 164, 'Yudha Karya Jitu'),
(399, 165, 'Bumi Dipasena Abadi'),
(400, 165, 'Bumi Dipasena Agung'),
(401, 165, 'Bumi Dipasena Jaya'),
(402, 165, 'Bumi Dipasena Makmur'),
(403, 165, 'Bumi Dipasena Mulya'),
(404, 165, 'Bumi Dipasena Sejahtera'),
(405, 165, 'Bumi Dipasena Sentosa'),
(406, 165, 'Bumi Dipasena Utama'),
(408, 166, 'Andalas Cermin'),
(409, 166, 'Batang Hari'),
(410, 166, 'Gedung Jaya'),
(411, 166, 'Panggung Mulya'),
(412, 166, 'Rawa Ragil'),
(413, 166, 'Sumber Agung'),
(414, 166, 'Duta Yoso Mulyo'),
(415, 225, 'Bandar Anom'),
(416, 225, 'Kurnia Agung'),
(417, 225, 'Panggung Jaya'),
(418, 225, 'Panggung Rejo'),
(419, 225, 'Sidang Bandar Anom'),
(420, 225, 'Sidang Gunung Tiga'),
(421, 225, 'Sidang Iso Mukti'),
(422, 225, 'Sidang Kurnia Agung'),
(423, 225, 'Sidang Sido Rahayu'),
(424, 225, 'Sidang Way Puji'),
(425, 225, 'Sungai Buaya'),
(426, 225, 'Sungai Sidang'),
(427, 225, 'Telogo Rejo'),
(428, 167, 'Bangun Jaya'),
(429, 167, 'Jaya Murni'),
(430, 167, 'Marga Jaya'),
(431, 167, 'Mekar Jaya'),
(432, 167, 'Mulya Jaya'),
(433, 167, 'Suka Jaya'),
(434, 167, 'Sumber Jaya'),
(435, 167, 'Tri Tunggal Jaya'),
(436, 167, 'Tunas Jaya'),
(437, 167, 'Wonorejo'),
(438, 168, 'Gunung Agung'),
(440, 168, 'Gunung Terang'),
(445, 168, 'Setia Bumi'),
(447, 168, 'Toto Mulyo'),
(449, 169, 'Gunung Sari'),
(450, 169, 'Kibang Budi Jaya'),
(451, 169, 'Kibang Tri Jaya'),
(452, 169, 'Kibang Yekti Jaya'),
(453, 169, 'Lesung Bakti Jaya'),
(454, 169, 'Mekar Sari Jaya'),
(455, 169, 'Pagar Jaya'),
(456, 169, 'Sumber Rejo'),
(457, 170, 'Bujung Dewa'),
(458, 170, 'Bujung Sari Marga'),
(459, 170, 'Cahyow Randu'),
(460, 170, 'Pagar Dewa'),
(461, 170, 'Pagar Dewa Suka Muly'),
(462, 171, 'Bandar Dewa'),
(463, 171, 'Candra Kencana'),
(464, 171, 'Menggala Mas'),
(465, 171, 'Mulya Asri'),
(466, 171, 'Mulya Kencana '),
(467, 171, 'Panaragan'),
(468, 171, 'Panaragan Jaya'),
(469, 171, 'Penumangan'),
(470, 171, 'Penumangan Baru'),
(471, 171, 'Pulung Kencana'),
(472, 171, 'Tirta Kencana'),
(473, 171, 'Tunas Asri'),
(474, 171, 'Tunas Asri I'),
(475, 171, 'Wonokerto'),
(476, 171, 'Wonokerto I'),
(477, 172, 'Gedung Ratu'),
(478, 172, 'Gunung Katun Malai'),
(479, 172, 'Gunung Katun Tanjungan'),
(480, 172, 'Kagungan Ratu'),
(481, 172, 'Karta'),
(482, 172, 'Karta Raharja'),
(483, 172, 'Karta Sari'),
(484, 172, 'Marga Kencana'),
(485, 172, 'Wai Sido'),
(486, 173, 'Daya Asri'),
(487, 173, 'Daya Murni'),
(488, 173, 'Daya Sakti'),
(489, 173, 'Gunung Menanti'),
(490, 173, 'Gunung Timbul'),
(491, 173, 'Makarti'),
(492, 173, 'Margo Dadi'),
(493, 173, 'Margo Mulyo'),
(494, 173, 'Murni Jaya'),
(495, 173, 'Sumber Rejo'),
(496, 174, 'Agung Jaya'),
(497, 174, 'Balam Jaya'),
(498, 174, 'Indraloka I'),
(499, 174, 'Indraloka II'),
(500, 174, 'Mercu Buana'),
(501, 174, 'Pagar Buana'),
(502, 133, 'Air Kubang'),
(503, 133, 'Air Naningan'),
(504, 133, 'Datar Lebuay'),
(505, 146, 'Batu Bedil'),
(506, 133, 'Karang Sari'),
(507, 133, 'Sidomulyo'),
(508, 133, 'Sinar Jawa'),
(509, 133, 'Sinar Sekampung'),
(510, 133, 'Way Harong'),
(511, 134, 'Atar Lebar'),
(512, 134, 'Bandar Sukabumi'),
(513, 134, 'Banding'),
(514, 134, 'Gunung Doh'),
(515, 134, 'Negeri Agung'),
(516, 134, 'Raja Basa'),
(517, 134, 'Sanggi'),
(518, 134, 'Sanggi Unggak'),
(519, 134, 'Simpang Bayur'),
(520, 134, 'Sinar Bangun'),
(521, 135, 'Banjar Masin'),
(522, 135, 'Gunung Terang'),
(523, 135, 'Napal'),
(524, 135, 'Pematang Nebak'),
(525, 135, 'Sinarpetir'),
(526, 135, 'Suka Agung Barat'),
(527, 135, 'Suka Agung Timur'),
(528, 135, 'Sukanegara'),
(529, 135, 'Sukarama'),
(530, 136, 'Banjar Manis'),
(531, 136, 'Banjar Negeri'),
(532, 136, 'Gedung'),
(533, 136, 'Kacamarga'),
(534, 136, 'Pekondoh 2'),
(535, 136, 'Kejadianlom'),
(536, 136, 'Kubulangka'),
(537, 136, 'Pampangan'),
(538, 136, 'Pekondoh'),
(539, 136, 'Putih Doh'),
(540, 136, 'Putih Doh 2'),
(541, 136, 'Sukapadang'),
(542, 136, 'Sukaraja'),
(543, 136, 'Tanjung Betuah'),
(544, 136, 'Tanjung Jati'),
(545, 136, 'Tanjung Raja'),
(546, 136, 'Tengor'),
(547, 136, 'Way Rilau'),
(548, 137, 'Banjarmanis'),
(549, 137, 'Campang'),
(550, 137, 'Gisting Atas'),
(551, 137, 'Gisting Bawah'),
(552, 137, 'Kota Dalom'),
(553, 137, 'Landbraw'),
(554, 137, 'Purwodadi'),
(555, 137, 'Sidokaton'),
(556, 138, 'Banjarmasin'),
(557, 138, 'Belu'),
(558, 138, 'Gedung Jambu'),
(559, 138, 'Kali Miring'),
(560, 138, 'Kandang Besi'),
(561, 138, 'Kanyangan'),
(562, 138, 'Kesugihan'),
(563, 138, 'Maja'),
(564, 138, 'Negara Batin'),
(565, 138, 'Pajajaran'),
(566, 138, 'Payung'),
(567, 138, 'Pulau Benawang'),
(568, 138, 'Talangening'),
(569, 138, 'Tanjung Agung'),
(570, 138, 'Teba Bunuk'),
(571, 138, 'Way Gelang'),
(572, 139, 'Pardasuka'),
(573, 139, 'Campang Tiga'),
(574, 139, 'Kedamaian'),
(575, 139, 'Kelungu'),
(576, 139, 'Kota Agung'),
(577, 139, 'Kusa'),
(578, 139, 'Negeri Ratu'),
(579, 139, 'Pasar Madang'),
(580, 139, 'Penanggungan'),
(581, 139, 'Teratas'),
(582, 139, 'Terdana'),
(583, 139, 'Baros'),
(584, 139, 'Kuripan'),
(585, 139, 'Terbaya'),
(586, 140, 'Batu Keramat'),
(587, 140, 'Kagungan'),
(588, 140, 'Kampung Baru'),
(589, 140, 'Karta'),
(590, 140, 'Menggala'),
(591, 140, 'Mulang Maya'),
(592, 140, 'Suka Banjar'),
(593, 140, 'Talang Rejo'),
(594, 140, 'Tanjung Anom'),
(595, 140, 'Teba'),
(596, 140, 'Umbul Buah'),
(597, 141, 'Kilauan Negeri'),
(598, 141, 'Napal'),
(599, 141, 'Negeri Kelumbayan'),
(600, 141, 'Paku'),
(601, 141, 'Pekon Susuk'),
(602, 141, 'Pekon Unggak'),
(603, 141, 'Penyandingan'),
(604, 141, 'Umbar'),
(605, 142, 'Batu Patah'),
(606, 142, 'Lengkukai'),
(607, 142, 'Marga Mulya'),
(608, 142, 'Merbau'),
(609, 142, 'Purwosari'),
(610, 142, 'Sidoharjo'),
(611, 143, 'Antarberak'),
(612, 143, 'Badak'),
(613, 143, 'Banjar Agung'),
(614, 143, 'Tanjung Jaya'),
(615, 143, 'Kuripan'),
(616, 143, 'Padang Ratu'),
(617, 143, 'Pariaman'),
(618, 143, 'Pekon Ampai'),
(619, 143, 'Tanjung Siom'),
(620, 143, 'Tegineneng'),
(621, 144, 'Betung'),
(622, 144, 'Guring'),
(623, 144, 'Kampung Baru'),
(624, 144, 'Karang Brak'),
(625, 144, 'Kaur Gading'),
(626, 144, 'Pesanguan'),
(627, 144, 'Tampang'),
(628, 144, 'Tampang Muda'),
(629, 144, 'Tanjungan'),
(630, 144, 'Teluk Brak'),
(631, 144, 'Tirom'),
(632, 144, 'Way Asahan'),
(633, 144, 'Way Nipah'),
(634, 145, 'Babakan'),
(635, 145, 'Banjar Agung Ilir'),
(636, 145, 'Banjar Agung Udik'),
(637, 145, 'Binjai Wangi'),
(638, 145, 'Campang Way Handak'),
(639, 145, 'Gading'),
(640, 145, 'Gunung Kasih'),
(641, 145, 'Gunung Tiga'),
(642, 145, 'Kayuhubi'),
(643, 145, 'Negeri Ratu'),
(644, 145, 'Pungkut'),
(645, 145, 'Rantau Tijang'),
(646, 145, 'Sinar Agung'),
(647, 145, 'Suka Maju'),
(648, 145, 'Suka Mulya'),
(649, 145, 'Sukajadi'),
(650, 145, 'Sumanda'),
(651, 145, 'Tamansari'),
(652, 145, 'Tangkit Serdang'),
(653, 145, 'Tanjung Agung'),
(654, 145, 'Tanjung Heran'),
(655, 145, 'Tanjung Kemala'),
(656, 145, 'Tiuh Memon'),
(657, 145, 'Way Jaha'),
(658, 145, 'Way Manak'),
(659, 145, 'Way Piring'),
(660, 146, 'Air Bakoman'),
(661, 146, 'Gedung Agung'),
(662, 146, 'Gunung Megang'),
(663, 146, 'Gunung Meraksa'),
(664, 146, 'Kemuning'),
(665, 146, 'Muara Dua'),
(666, 146, 'Penantian'),
(667, 146, 'Pulau Panggung'),
(668, 146, 'Sinar Mulyo'),
(669, 146, 'Sindang Marga'),
(670, 146, 'Sumber Mulyo'),
(671, 146, 'Talang Beringin'),
(672, 146, 'Talang Jawa'),
(673, 146, 'Tanjung Gunung'),
(674, 146, 'Tanjung Rejo'),
(675, 146, 'Tekad'),
(676, 146, 'Way Ilahan'),
(677, 147, 'Bangun Rejo'),
(678, 147, 'Garut'),
(679, 147, 'Kaca Pura'),
(680, 147, 'Kanoman'),
(681, 147, 'Karang Agung'),
(682, 147, 'Karang Rejo'),
(683, 147, 'Parda Waras'),
(684, 147, 'Sedayu'),
(685, 147, 'Sido Dadi'),
(686, 147, 'Sido Mulyo'),
(687, 147, 'Sri Katon'),
(688, 147, 'Sri Kuncoro'),
(689, 147, 'Sri Purnomo'),
(690, 147, 'Sudimoro'),
(691, 147, 'Sudimoro Bangun'),
(692, 147, 'Sukaraja'),
(693, 147, 'Tugu Papak'),
(694, 147, 'Tugu Rejo'),
(695, 147, 'Tulung Asahan'),
(696, 147, 'Way Kerap'),
(697, 148, 'Argomulyo'),
(698, 148, 'Argopeni'),
(699, 148, 'Dadapan'),
(700, 148, 'Kebumen'),
(701, 148, 'Margodadi'),
(702, 148, 'Margoyoso'),
(703, 148, 'Sidomulyo'),
(704, 148, 'Sidorejo'),
(705, 148, 'Simpang Kanan'),
(706, 148, 'Sumber Mulyo'),
(707, 148, 'Sumber Rejo'),
(708, 148, 'Tegal Binangun'),
(709, 148, 'Wonoharjo'),
(710, 149, 'Banding Agung'),
(711, 149, 'Banjarsari'),
(712, 149, 'Kalibening'),
(713, 149, 'Kejayaan'),
(714, 149, 'Negeri Agung'),
(715, 149, 'Sinar Banten'),
(716, 149, 'Sinar Harapan'),
(717, 149, 'Sinar Petir'),
(718, 149, 'Sinar Semendo'),
(719, 149, 'Singosari'),
(720, 149, 'Suka Bandung'),
(721, 149, 'Suka Merindu'),
(722, 149, 'Suka Negeri'),
(723, 149, 'Sukabumi'),
(724, 149, 'Sukanegeri Jaya'),
(725, 149, 'Sukarame'),
(726, 149, 'Talang Padang'),
(727, 149, 'Talang Sepuh'),
(728, 149, 'Way Halom'),
(729, 150, 'Air Abang'),
(730, 150, 'Datarajan'),
(731, 150, 'Gunung Sari'),
(732, 150, 'Gunungtiga'),
(733, 150, 'Karangrejo'),
(734, 150, 'Muara Dua Ulu Belu'),
(735, 150, 'Ngarip'),
(736, 150, 'Pagaralam Ulubelu'),
(737, 150, 'Penantian Ulubelu'),
(738, 150, 'Rejosari'),
(739, 150, 'Sinar Banten'),
(740, 150, 'Sirnagalih'),
(741, 150, 'Suka Maju'),
(742, 150, 'Tanjung Baru'),
(743, 150, 'Ulu Semong'),
(744, 151, 'Bandar Kejadian'),
(745, 151, 'Banjar Negoro'),
(746, 151, 'Banjarsari'),
(747, 151, 'Banyu Urip'),
(748, 151, 'Dadirejo'),
(749, 151, 'Dadisari'),
(750, 151, 'Kalirejo'),
(751, 151, 'Kalisari'),
(752, 151, 'Karang Anyar'),
(753, 151, 'Kejadian'),
(754, 151, 'Kunyayan'),
(755, 151, 'Lakaran'),
(756, 151, 'Negeri Ngarip'),
(757, 151, 'Padang Manis'),
(758, 151, 'Padang Ratu'),
(759, 151, 'Parda Suka'),
(760, 151, 'Pekon Balak'),
(761, 151, 'Sinar Saudara'),
(762, 151, 'Soponyono'),
(763, 151, 'Sridadi'),
(764, 151, 'Tanjung Kurung'),
(765, 151, 'Way Panas'),
(766, 151, 'Wonosobo '),
(767, 226, 'Banjar Agung'),
(768, 226, 'Banjar Negeri'),
(769, 226, 'Ciherang'),
(770, 226, 'Kedaloman'),
(771, 226, 'Pariaman'),
(772, 226, 'Penanggungan'),
(773, 226, 'Sukabanjar'),
(774, 226, 'Sukadamai'),
(775, 226, 'Sukamernah'),
(776, 226, 'Sukaraja'),
(777, 109, 'Mulya Sari'),
(778, 109, 'Nipahkuning'),
(779, 109, 'Sidomulyo'),
(780, 109, 'Sumber Makmur'),
(781, 109, 'Sungai Badak'),
(782, 109, 'Tanjung Serayan'),
(783, 109, 'Tirtalaga'),
(784, 109, 'Wiralaga I'),
(785, 109, 'Wiralaga II'),
(786, 110, 'Dwi Karya Mustika'),
(787, 110, 'Eka Mulya'),
(788, 110, 'Marga Jadi'),
(789, 110, 'Muara Mas'),
(790, 110, 'Pangkal Mas Jaya'),
(791, 110, 'Pangkal Mas Mulya'),
(792, 110, 'Sungai Cambai'),
(793, 110, 'Talang Batu/T Gunung'),
(794, 110, 'Tanjung Mas Jaya'),
(795, 110, 'Tanjung Mas Makmur'),
(796, 110, 'Tanjung Mas Mulya'),
(797, 110, 'Tanjung Menang'),
(798, 110, 'Wonosari'),
(799, 111, 'Adi Luhur'),
(800, 111, 'Adi Mulya'),
(801, 111, 'Bina Bumi'),
(802, 111, 'Fajar Baru'),
(803, 111, 'Kecubung Raya'),
(804, 111, 'Marga Jaya'),
(805, 111, 'Mukti Karya'),
(806, 111, 'Mulyo Aji'),
(810, 113, 'Bangun Mulyo'),
(814, 113, 'Marga Rahayu'),
(818, 114, 'Bangun Jaya'),
(819, 114, 'Brabasan'),
(820, 114, 'Bujung Buring'),
(821, 114, 'Gedung Ram'),
(822, 114, 'Harapan Mukti'),
(823, 114, 'Kagungan Dalam'),
(824, 114, 'Mekar Sari'),
(825, 114, 'Muara Tenang'),
(826, 114, 'Sinar Laga'),
(827, 114, 'Sri Tanjung'),
(828, 114, 'Tanjung Sari'),
(829, 114, 'Tri Karya Mulya'),
(830, 114, 'Wira Jaya'),
(831, 115, 'Buko Poso'),
(832, 115, 'Bumi Harapan'),
(833, 115, 'Gedung Boga/Raja '),
(834, 115, 'Hadi Mulyo'),
(835, 115, 'Kebun Dalam'),
(836, 115, 'Kejadian'),
(837, 115, 'Labuhan Baru'),
(838, 115, 'Labuhan Batin'),
(839, 115, 'Panca Warna'),
(840, 115, 'Rejo Mulyo'),
(841, 115, 'Suka Agung'),
(842, 190, 'Bandar Dalam'),
(845, 189, 'Kota Batu'),
(846, 190, 'Kota Jawa'),
(847, 189, 'Mulang Maya'),
(848, 189, 'Negeri Ratu Ngaras'),
(849, 190, 'Pagar Bukit'),
(851, 190, 'Pagar Bukit Induk'),
(852, 190, 'Penyandingan'),
(854, 190, 'Suka Marga'),
(856, 190, 'Tanjung Kemala'),
(858, 190, 'Way Haru'),
(859, 195, 'Sumur Jaya'),
(860, 195, 'Biha'),
(861, 195, 'Marang'),
(862, 195, 'Negera Ratu Tenumban'),
(863, 195, 'Pagar Dalam'),
(864, 195, 'Pelita Jaya'),
(865, 195, 'Sukarame'),
(866, 195, 'Tanjung Jati'),
(867, 195, 'Tanjung Setia'),
(868, 195, 'Way Jambu'),
(869, 194, 'Bumi Ratu'),
(870, 194, 'Gedung Cahya Kuninga'),
(871, 194, 'Mauara Tembulih'),
(872, 194, 'Negara'),
(873, 194, 'Negeri Ratu Ngambur'),
(874, 194, 'Pekon Mon'),
(875, 194, 'Suka Banjar'),
(876, 194, 'Sumber Agung'),
(877, 194, 'Ulok Mukti'),
(878, 189, 'Bandar Jaya'),
(879, 189, 'Pagar Dalam'),
(880, 189, 'Parda Suka'),
(881, 189, 'Raja Basa'),
(882, 189, 'Suka Maju'),
(883, 189, 'Sukarame'),
(884, 190, 'Pemerihan'),
(885, 190, 'Siring Gading'),
(886, 190, 'Suka Negeri'),
(887, 190, 'Sumberrejo'),
(888, 190, 'Tanjung Rejo'),
(889, 190, 'Way Tias'),
(890, 113, 'Aji Jaya'),
(891, 113, 'Margo Makmur'),
(892, 113, 'Rejo Binangun'),
(893, 111, 'Fajar Asri'),
(894, 111, 'Fajar Indah'),
(895, 114, 'Sri Wijaya'),
(896, 110, 'Tebing Karya Mandiri'),
(897, 13, 'Simpang Sari'),
(898, 13, 'Sindang Pagar'),
(899, 13, 'Sukajaya'),
(900, 13, 'Sukapura'),
(901, 13, 'Tugu Mulya'),
(902, 13, 'Tugu Sari'),
(903, 13, 'Way Petai'),
(904, 185, 'Negeri Besar'),
(906, 153, 'Balai Murni Jaya'),
(907, 153, 'Panca Mulya'),
(908, 153, 'Bawang Tirto Mulyo'),
(909, 153, 'Jaya Makmur'),
(910, 160, 'Badarow Indah'),
(912, 160, 'Cempaka Jaya'),
(913, 160, 'Kibang Pacing'),
(914, 160, 'Kuripan Dalem'),
(915, 160, 'Lebuh Dalem'),
(916, 160, 'Menggala'),
(917, 160, 'Lingai'),
(918, 160, 'Sungai Luar'),
(919, 160, 'Tri Makmur Jaya'),
(925, 153, 'Kahuripan Jaya'),
(926, 153, 'Karya Murni Jaya'),
(927, 153, 'Panca Karsa Purna Jaya'),
(928, 153, 'Mekar Indah Jaya'),
(929, 154, 'Tri Tunggal Jaya'),
(937, 64, 'Maringgai'),
(938, 64, 'Sri Minosari'),
(939, 64, 'Muara Gading Mas'),
(940, 64, 'Bandar Negeri'),
(941, 64, 'Karya Makmur'),
(942, 64, 'Karya Tani'),
(943, 64, 'Karang Anyar'),
(944, 64, 'Sri Gading'),
(945, 64, 'Sukorahayu'),
(946, 64, 'Margasari'),
(947, 95, 'Anjung Iman'),
(948, 95, 'Blambangan'),
(949, 95, 'Buring Kencana'),
(950, 95, 'Jagang'),
(951, 95, 'Pagar'),
(952, 95, 'Pagar Gading'),
(953, 95, 'Tanjung Iman'),
(954, 95, 'Tulung Singkip'),
(955, 93, 'Banjar Agung'),
(956, 93, 'Bumi Agung Marga'),
(957, 93, 'Bumi Jaya'),
(958, 93, 'Gedung Nyapah'),
(959, 93, 'Papan Rejo'),
(960, 93, 'Penagan Ratu'),
(961, 93, 'Peraduan Waras'),
(962, 93, 'Pungguk Lama'),
(963, 93, 'Rejo Mulyo'),
(964, 93, 'Sidomukti'),
(965, 93, 'Sumber Agung'),
(966, 93, 'Surakarta'),
(967, 199, 'Pasar Pulau Pisang'),
(968, 199, 'Suka Marga'),
(969, 199, 'Bandar Dalam'),
(970, 199, 'Pekon Lok'),
(971, 199, 'Labuhan'),
(972, 199, 'Sukadana'),
(973, 193, 'Penengahan'),
(974, 193, 'Bandar Pugung'),
(975, 193, 'Bambang'),
(976, 193, 'Malaya'),
(977, 193, 'Pagar Dalam'),
(978, 193, 'Lemong'),
(979, 193, 'Tanjung Jati'),
(980, 193, 'Tanjung Sakti'),
(981, 193, 'Way Batang'),
(982, 193, 'Cahaya Negeri'),
(983, 193, 'Suka Mulya'),
(984, 193, 'Parda Haga'),
(985, 193, 'Rata Agung'),
(986, 197, 'Pemancar'),
(987, 197, 'Gedau'),
(988, 197, 'Baturaja'),
(989, 197, 'Kota Karang'),
(990, 197, 'Way Narta'),
(991, 197, 'Balam'),
(992, 197, 'Kerbang Dalam'),
(993, 197, 'Kerbang Langgar'),
(994, 197, 'Kuripan'),
(995, 197, 'Negeri Ratu'),
(996, 197, 'Padang Rindu'),
(997, 197, 'Walur'),
(1000, 195, 'Menyancang'),
(1001, 191, 'Penggawa V Tengah'),
(1002, 191, 'Penggawa V Ulu'),
(1003, 191, 'Laay'),
(1004, 133, 'Batu Tegi'),
(1005, 109, 'Adi Luhur I'),
(1006, 109, 'Adi Mulya I'),
(1007, 113, 'Agung Batin'),
(1008, 113, 'Adi Luhur I'),
(1009, 113, 'Adi Mulya I'),
(1010, 113, 'Budi Aji'),
(1011, 113, 'Fajar Baru I'),
(1012, 113, 'Harapan Jaya'),
(1013, 91, 'Gunung Kramat'),
(1014, 91, 'Gunung Sari'),
(1015, 91, 'Papan Asri'),
(1016, 91, 'Semuli Jaya'),
(1017, 91, 'Semuli Raya'),
(1018, 91, 'Sido Rahayu'),
(1019, 91, 'Suka Maju'),
(1020, 117, 'Babakan Loa'),
(1021, 117, 'Bayas Jaya'),
(1022, 117, 'Gunung Sugih'),
(1023, 117, 'Gunung Sari'),
(1024, 117, 'Kedondong'),
(1025, 117, 'Kerta Sana'),
(1028, 117, 'Mada Jaya'),
(1029, 117, 'Padang Cermin'),
(1030, 117, 'Pasar Baru'),
(1031, 117, 'Penengahan'),
(1032, 117, 'Pesawaran'),
(1033, 117, 'Sinar Harapan'),
(1034, 117, 'Suka Jaya'),
(1035, 117, 'Suka Maju'),
(1036, 117, 'Tanjung Kerta'),
(1037, 117, 'Tanjung Rejo'),
(1038, 117, 'Teba Jawa'),
(1039, 117, 'Tempel Rejo'),
(1040, 117, 'Way Kepayang'),
(1041, 95, 'Talang Pagar'),
(1042, 95, 'Pagar Baru'),
(1043, 95, 'Kampung Baru'),
(1044, 95, 'Pagar Gading'),
(1045, 95, 'Talang Duren'),
(1046, 95, 'Umbul Badak'),
(1047, 95, 'Campang'),
(1048, 64, 'Marga sari Dusun I'),
(1049, 64, 'Marga Sari Dusun II'),
(1050, 64, 'Marga Sari Dusun III'),
(1051, 64, 'Marga Sari Dusun IV'),
(1052, 64, 'Marga Sari Dusun V'),
(1053, 64, 'Marga Sari Dusun VI'),
(1054, 64, 'Marga Sari Dusun VII'),
(1055, 64, 'Marga Sari Dusun VIII'),
(1056, 64, 'Marga Sari Dusun IX'),
(1057, 64, 'Marga Sari Dusun X'),
(1058, 64, 'Marga Sari Dusun XI'),
(1059, 64, 'Marga Sari Dusun XII'),
(1060, 191, 'Menyancang'),
(1061, 191, 'Penengahan'),
(1062, 191, 'Kebuayan'),
(1063, 191, 'Way Nukak'),
(1064, 191, 'Way Sindi'),
(1065, 191, 'Way Sindi Hanuan'),
(1066, 191, 'Tebakak Way Sindi'),
(1067, 155, 'Way Dente'),
(1068, 155, 'Dente Makmur'),
(1069, 155, 'Pendowo Asri'),
(1070, 158, 'Gedung Bandar Rahayu'),
(1071, 158, 'Bakung Rahayu'),
(1072, 158, 'Gunung Tapak Ilir'),
(1073, 158, 'Gunung Tapak Tengah'),
(1074, 158, 'Gunung Tapak Udik'),
(1075, 158, 'Gedung Meneng baru'),
(1077, 157, 'Sido Mekar'),
(1078, 157, 'Mekar Asri'),
(1079, 157, 'Sumber jaya'),
(1080, 164, 'Karya Cipta Abadi'),
(1081, 156, 'Aji Murni Jaya'),
(1082, 156, 'Aji Permai Talang Buah'),
(1083, 156, 'Bandar Aji Jaya'),
(1084, 156, 'Aji Mesir'),
(1085, 166, 'Bumi Sari'),
(1086, 166, 'Mulyo Dadi'),
(1087, 163, 'Tri Karya'),
(1088, 154, 'Penawar Rejo'),
(1089, 154, 'Sumber Makmur'),
(1090, 154, 'Agung Jaya'),
(1091, 154, 'Mekar jaya'),
(1092, 153, 'Bawang Sakti Jaya'),
(1093, 153, 'Mekar Jaya'),
(1094, 160, 'Cempaka Dalam'),
(1095, 156, 'Penawar Baru'),
(1104, 119, 'Sanggai'),
(1105, 119, 'Padang Cermin'),
(1106, 119, 'Banjaran'),
(1107, 119, 'Gayau'),
(1108, 119, 'Khepong Jaya'),
(1109, 119, 'Hanau Berak'),
(1110, 119, 'Tambangan'),
(1111, 119, 'Way Urang'),
(1112, 119, 'Tri Mulyo'),
(1113, 120, 'Suka Maju'),
(1114, 120, 'Bawang'),
(1115, 120, 'Sukarame'),
(1116, 120, 'Kota Jawa'),
(1117, 120, 'Suka Jaya Pedada'),
(1118, 120, 'Batu Raja'),
(1119, 120, 'Banding Agung'),
(1120, 120, 'Bangun Rejo'),
(1121, 124, 'Kampung Baru'),
(1122, 124, 'Kekatang'),
(1123, 124, 'Ampai'),
(1124, 124, 'Umbul Limus'),
(1125, 124, 'Tajur'),
(1126, 124, 'Penyandingan'),
(1127, 124, 'Maja'),
(1128, 124, 'Suka Jaya Punduh'),
(1129, 124, 'Pulau Pahawang'),
(1130, 91, 'Suka Maju (kelompok 1)'),
(1131, 91, 'Suka Maju (kelompok 2)'),
(1132, 123, 'Kota Jawa'),
(1133, 123, 'Kubu Batu'),
(1134, 35, 'Bandar Putih Tua'),
(1135, 35, 'Gedung Ratu'),
(1136, 35, 'Gedung Sari'),
(1137, 35, 'Gedung Sari (kelompok 2)'),
(1138, 35, 'Karang Jawa'),
(1139, 35, 'Sri Mulyo'),
(1140, 35, 'Sri Mulyo (kelompok 2)'),
(1141, 35, 'Sukajaya'),
(1142, 36, 'Bumi Aji'),
(1143, 36, 'Bumi Aji (kelompok 2)'),
(1144, 36, 'Bumi Jaya'),
(1145, 36, 'Gunung Agung'),
(1146, 36, 'Haji Pemanggilan'),
(1147, 36, 'Haji Pemanggilan (kelompok 2)'),
(1148, 36, 'Jaya Sakti'),
(1149, 36, 'Jaya Sakti (Kelompok 2)'),
(1150, 36, 'Mulyo Haji'),
(1151, 36, 'Negara Aji Baru'),
(1152, 36, 'Negara Aji Tua'),
(1153, 36, 'Negara Bumi Ilir'),
(1154, 36, 'Negara Bumi Ilir (kelompok 2)'),
(1155, 36, 'Negara Bumi Udik'),
(1156, 36, 'Sri Katon'),
(1157, 36, 'Tanjung Harapan'),
(1158, 37, 'Jati Datar Mataram'),
(1159, 37, 'Mataram Jaya'),
(1160, 37, 'Mataram Udik'),
(1161, 37, 'Mataram Udik (kelompok 2)'),
(1162, 37, 'Sendang Agung Mataram'),
(1163, 37, 'Sriwijaya Mataram'),
(1164, 37, 'Sriwijaya Mataram (kelompok 2)'),
(1165, 37, 'Sumber Rejeki Mataram'),
(1166, 37, 'Terbanggi Besar'),
(1167, 37, 'Terbanggi Besar (kelompok 2)'),
(1168, 37, 'Terbanggi Mulya'),
(1169, 37, 'Uman Agung Mataram'),
(1170, 38, 'Beringin Jaya'),
(1171, 38, 'Cabang'),
(1172, 38, 'Cabang (kelompok 2)'),
(1173, 38, 'Cempaka Putih'),
(1174, 38, 'Cempaka Putih (kelompok 2)'),
(1175, 38, 'Gaya Baru Lima'),
(1176, 38, 'Gaya Baru Lima (kelompok 2)'),
(1177, 38, 'Raja Wali'),
(1178, 38, 'Raja Wali (kelompok 2)'),
(1179, 38, 'Sido Dadi'),
(1180, 38, 'Sido Dadi (kelompok 2)'),
(1181, 38, 'Subang Jaya'),
(1182, 38, 'Subang Jaya (kelompok 2)'),
(1183, 38, 'Sumber Agung'),
(1184, 38, 'Sumber Agung (kelompok 2)'),
(1185, 38, 'Surabaya Baru'),
(1186, 38, 'Surabaya Baru (kelompok 2)'),
(1187, 38, 'Surabaya Ilir'),
(1188, 38, 'Surabaya Ilir (kelompok 2)'),
(1189, 39, 'Bangun Rejo'),
(1190, 39, 'Bangun Rejo (kelompok 2)'),
(1191, 39, 'Cimarias'),
(1192, 39, 'Mekar Jaya'),
(1193, 39, 'Purwodadi'),
(1194, 39, 'Purwodadi (kelompok 2)'),
(1195, 39, 'Sido Dadi'),
(1196, 39, 'Sido Luhur'),
(1197, 39, 'Sido Luhur (kelompok 2)'),
(1198, 39, 'Sido Mulyo'),
(1199, 39, 'Sido Rejo'),
(1200, 39, 'Sinar Luas'),
(1201, 39, 'Sinar Seputih'),
(1202, 39, 'Soka Waringin'),
(1203, 39, 'Sri Pendowo'),
(1204, 39, 'Suka Negara'),
(1205, 39, 'Suka Negeri'),
(1206, 39, 'Tanjung Jaya'),
(1207, 39, 'Tanjung Pandan'),
(1208, 39, 'Timbul Rejo'),
(1209, 40, 'Bangun Sari'),
(1210, 40, 'Binjai Ngagung (Agung)'),
(1211, 40, 'Goras Jaya'),
(1212, 40, 'Goras Jaya (kelompok 2)'),
(1213, 40, 'Kedatuan'),
(1214, 40, 'Kesuma Jaya'),
(1215, 40, 'Kesuma Jaya (kelompok 2)'),
(1216, 40, 'Kesumadadi'),
(1217, 40, 'Kesumadadi (kelompok 2)'),
(1218, 40, 'Rengas'),
(1219, 40, 'Rengas (kelompok 2)'),
(1220, 40, 'Sinar Banten/Bekri'),
(1221, 41, 'Bumi Nabung Baru'),
(1222, 41, 'Bumi Nabung Ilir'),
(1223, 41, 'Bumi Nabung Ilir (kelompok 2)'),
(1224, 41, 'Bumi Nabung Selatan'),
(1225, 41, 'Bumi Nabung Timur'),
(1226, 41, 'Bumi Nabung Utara'),
(1227, 41, 'Sri Kencono'),
(1228, 41, 'Sri Kencono Baru'),
(1229, 42, 'Bulusari'),
(1230, 42, 'Bumiraharjo'),
(1231, 42, 'Bumirahayu'),
(1232, 42, 'Bumiratu'),
(1233, 42, 'Bumiratu (kelompok 2)'),
(1234, 42, 'Sidokerto'),
(1235, 42, 'Sidokerto (kelompok 2)'),
(1236, 42, 'Sidowaras'),
(1237, 42, 'Sukajadi'),
(1238, 42, 'Sukajawa'),
(1239, 42, 'Tulung Kanan'),
(1240, 42, 'Wates'),
(1241, 43, 'Bangun Rejo'),
(1242, 43, 'Buyut Ilir'),
(1243, 43, 'Buyut Ilir (kelompok 2)'),
(1244, 43, 'Buyut Udik'),
(1245, 43, 'Buyut Udik (kelompok 2)'),
(1246, 43, 'Buyut Utara'),
(1247, 43, 'Fajar Bulan (Pajar Bulan)'),
(1248, 43, 'Fajar Bulan (Pajar Bulan) (kel'),
(1249, 43, 'Gunung Sari'),
(1250, 43, 'Gunung Sugih'),
(1251, 43, 'Gunung Sugih Raya'),
(1252, 43, 'Komering Agung'),
(1253, 43, 'Komering Putih'),
(1254, 43, 'Komering Putih (kelompok 2)'),
(1255, 43, 'Putra Buyut'),
(1256, 43, 'Seputih Jaya'),
(1257, 43, 'Terbanggi Agung'),
(1258, 43, 'Terbanggi Subing'),
(1259, 43, 'Terbanggi Subing (kelompok 2)'),
(1260, 43, 'Wono Sari'),
(1261, 44, 'Agung Timur'),
(1262, 44, 'Balai Rejo'),
(1263, 44, 'Kali Sari'),
(1264, 44, 'Kali Wungu'),
(1265, 44, 'Kalidadi'),
(1266, 44, 'Kalirejo'),
(1267, 44, 'Kalirejo (kelompok 2)'),
(1268, 44, 'Ponco Warno'),
(1269, 44, 'Ponco Warno (kelompok 2)'),
(1270, 44, 'Sinar Sari'),
(1271, 44, 'Sinarrejo'),
(1272, 44, 'Sri Basuki'),
(1273, 44, 'Sri Mulyo'),
(1274, 44, 'Sri Mulyo (kelompok 2)'),
(1275, 44, 'Sri Purnomo'),
(1276, 44, 'Sri Way Langsep'),
(1277, 44, 'Sridadi'),
(1278, 44, 'Suko Sari'),
(1279, 44, 'Watu Agung'),
(1280, 44, 'Waya Krui'),
(1281, 45, 'Kota Gajah'),
(1282, 45, 'Kota Gajah (kelompok 2)'),
(1283, 45, 'Kota Gajah Timur'),
(1284, 45, 'Nambah Rejo'),
(1285, 45, 'Purworejo'),
(1286, 45, 'Sapto Mulyo'),
(1287, 45, 'Sri Tejo Kencono'),
(1288, 45, 'Sumber Rejo'),
(1289, 46, 'Bandarsari'),
(1290, 46, 'Haduyang Ratu'),
(1291, 46, 'Karang Sari'),
(1292, 46, 'Karang Tanjung'),
(1293, 46, 'Kota Baru'),
(1294, 46, 'Kuripan'),
(1295, 46, 'Mojokerto'),
(1296, 46, 'Padang Ratu'),
(1297, 46, 'Padang Ratu (kelompok 2)'),
(1298, 46, 'Purworejo'),
(1299, 46, 'Purwosari'),
(1300, 46, 'Sendang Ayu'),
(1301, 46, 'Sendang Ayu (kelompok 2)'),
(1302, 46, 'Sri Agung'),
(1303, 46, 'Sumber Sari'),
(1304, 46, 'Surabaya'),
(1305, 47, 'Gunung Haji'),
(1306, 47, 'Gunung Raya'),
(1307, 47, 'Kota Batu'),
(1308, 47, 'Kota Batu (kelompok 2)'),
(1309, 47, 'Negeri Kepayung (Kepayungan)'),
(1310, 47, 'Negeri Ratu'),
(1311, 47, 'Padang Rejo'),
(1312, 47, 'Payung Batu'),
(1313, 47, 'Payung Batu (kelompok 2)'),
(1314, 47, 'Payung Dadi'),
(1315, 47, 'Payung Makmur'),
(1316, 47, 'Payung Mulya'),
(1317, 47, 'Payung Rejo'),
(1318, 47, 'Pekandangan'),
(1319, 47, 'Riau Periangan'),
(1320, 47, 'Sangun Ratu'),
(1321, 47, 'Segala Mider'),
(1322, 47, 'Segala Mider (kelompok 2)'),
(1323, 47, 'Sinar Negeri'),
(1324, 47, 'Tanjung Kemala'),
(1325, 47, 'Tanjung Rejo'),
(1326, 47, 'Tawang Negeri'),
(1327, 47, 'Tias Bangun'),
(1328, 47, 'Tias Bangun (kelompok 2)'),
(1329, 48, 'Asto Mulyo'),
(1330, 48, 'Asto Mulyo (kelompok 2)'),
(1331, 48, 'Badran Sari'),
(1332, 48, 'Mojo Pahit'),
(1333, 48, 'Ngesti Rahayu'),
(1334, 48, 'Nunggal Rejo'),
(1335, 48, 'Sido Mulyo'),
(1336, 48, 'Sri Sawahan'),
(1337, 48, 'Tanggul Angin'),
(1338, 48, 'Tanggul Angin (kelompok 2)'),
(1339, 48, 'Toto Katon'),
(1340, 48, 'Toto Katon (kelompok 2)'),
(1341, 49, 'Bina Karya Jaya'),
(1342, 49, 'Bina Karya Jaya (kelompok 2)'),
(1343, 49, 'Bina Karya Sakti'),
(1344, 49, 'Bina Karya Utama'),
(1345, 49, 'Binakarya Baru'),
(1346, 49, 'Joharan'),
(1347, 49, 'Mekar Jaya'),
(1348, 49, 'Mekar Jaya (kelompok 2)'),
(1349, 49, 'Mranggi Jaya'),
(1350, 49, 'Rantau Jaya Baru'),
(1351, 49, 'Rantau Jaya Ilir'),
(1352, 49, 'Rantau Jaya makmur'),
(1353, 50, 'Bina Karya Buana'),
(1354, 50, 'Bina Karya Buana (kelompok 2)'),
(1355, 50, 'Bina Karya mandiri'),
(1356, 50, 'Binakarya Putra'),
(1357, 50, 'Binakarya Putra (kelompok 2)'),
(1358, 50, 'Rekso Binangun'),
(1359, 50, 'Reno Basuki'),
(1360, 50, 'Restu Baru'),
(1361, 50, 'Restu Buana'),
(1362, 50, 'Rukti Basuki'),
(1363, 50, 'Rukti Basuki (kelompok 2)'),
(1364, 50, 'Teluk Dalem Ilir'),
(1365, 51, 'Gedung Aji'),
(1366, 51, 'Gedung Harta'),
(1367, 51, 'Gilih Karang Jati'),
(1368, 51, 'Karang Anyar'),
(1369, 51, 'Lingga Pura'),
(1370, 51, 'Marga Jaya'),
(1371, 51, 'Mekar Harjo'),
(1372, 51, 'Negeri Agung'),
(1373, 51, 'Negeri Jaya'),
(1374, 51, 'Negeri Katon'),
(1375, 51, 'Nyukang Harjo'),
(1376, 51, 'Nyukang Harjo (kelompok 2)'),
(1377, 51, 'Sido Harjo'),
(1378, 51, 'Taman Sari'),
(1379, 51, 'Tanjung Ratu'),
(1380, 51, 'Tanjung Ratu (kelompok 2)'),
(1381, 52, 'Kutowinangun'),
(1382, 52, 'Sendang Agung'),
(1383, 52, 'Sendang Agung (kelompok 2)'),
(1384, 52, 'Sendang Asih'),
(1385, 52, 'Sendang Baru'),
(1386, 52, 'Sendang Mukti'),
(1387, 52, 'Sendang Mulyo'),
(1388, 52, 'Sendang Mulyo (kelompok 2)'),
(1389, 52, 'Sendang Rejo'),
(1390, 52, 'Sendang Rejo (kelompok 2)'),
(1391, 52, 'Sendang Retno'),
(1392, 52, 'Sendang Sari (Asri)'),
(1393, 53, 'Bumi Kencana'),
(1394, 53, 'Bumi Mas'),
(1395, 53, 'Dono Arum'),
(1396, 53, 'Dono Arum (kelompok 2)'),
(1397, 53, 'Endang Rejo'),
(1398, 53, 'Fajar Asri'),
(1399, 53, 'Gayau Sakti'),
(1400, 53, 'Harapan Rejo'),
(1401, 53, 'Muji Rahayu'),
(1402, 53, 'Simpang Agung'),
(1403, 53, 'Sulusuban'),
(1404, 53, 'Sulusuban (kelompok 2)'),
(1405, 54, 'Sakti Buana'),
(1406, 54, 'Sanggar Buana'),
(1407, 54, 'Sanggar Buana (kelompok 2)'),
(1408, 54, 'Sari Bakti'),
(1409, 54, 'Setia Bakti'),
(1410, 54, 'Setia Bakti (kelompok 2)'),
(1411, 54, 'Setia Bumi'),
(1412, 54, 'Siswa Bangun'),
(1413, 54, 'Sri Basuki'),
(1414, 54, 'Sri Basuki (kelompok 2)'),
(1415, 54, 'Sumber Bahagia'),
(1416, 54, 'Sumber Baru'),
(1417, 54, 'Sumber Fajar'),
(1418, 54, 'Swastika Buana'),
(1419, 54, 'Tanjung Harapan'),
(1420, 54, 'Tanjungkerajan'),
(1421, 55, 'Banjar Agung Mataram'),
(1422, 55, 'Bumi Setia Mataram'),
(1423, 55, 'Dharma Agung Mataram'),
(1424, 55, 'Fajar Mataram'),
(1425, 55, 'Fajar Mataram (kelompok 2)'),
(1426, 55, 'Qurnia Mataram'),
(1427, 55, 'Rejosari Mataram'),
(1428, 55, 'Subing Karya'),
(1429, 55, 'Sumber Agung Mataram'),
(1430, 55, 'Sumber Agung Mataram (kelompok'),
(1431, 55, 'Trimulyo Mataram'),
(1432, 55, 'Trimulyo Mataram (kelompok 2)'),
(1433, 55, 'Utama Jaya Mataram'),
(1434, 55, 'Varia Agung'),
(1435, 55, 'Varia Agung (kelompok 2)'),
(1436, 55, 'Wirata Agung Mataram'),
(1437, 56, 'Buyut Baru'),
(1438, 56, 'Rama Dewa'),
(1439, 56, 'Rama Gunawan'),
(1440, 56, 'Rama Indera'),
(1441, 56, 'Rama Kelandungan'),
(1442, 56, 'Rama Murti'),
(1443, 56, 'Rama Nirwana'),
(1444, 56, 'Rama Oetama (Utama)'),
(1445, 56, 'Ramayana'),
(1446, 56, 'Ratna Khaton'),
(1447, 56, 'Rejo Asri'),
(1448, 56, 'Rejo Basuki'),
(1449, 56, 'Rejo Basuki (kelompok 2)'),
(1450, 56, 'Rukti Endah'),
(1451, 56, 'Rukti Harjo'),
(1452, 56, 'Rukti Harjo (kelompok 2)'),
(1453, 57, 'Gaya Baru Delapan'),
(1454, 57, 'Gaya Baru Dua'),
(1455, 57, 'Gaya Baru Empat'),
(1456, 57, 'Gaya Baru Empat (kelompok 2)'),
(1457, 57, 'Gaya Baru Enam'),
(1458, 57, 'Gaya Baru Satu'),
(1459, 57, 'Gaya Baru Tiga'),
(1460, 57, 'Gaya Baru Tiga (kelompok 2)'),
(1461, 57, 'Gaya Baru Tujuh'),
(1462, 57, 'Kenanga Sari'),
(1463, 57, 'Mataram Ilir'),
(1464, 57, 'Mataram Ilir (kelompok 2)'),
(1465, 57, 'Rawa Betik'),
(1466, 57, 'Sri Katon'),
(1467, 57, 'Sri Mulya Jaya'),
(1468, 57, 'Sumber Katon'),
(1469, 58, 'Adi Jaya'),
(1470, 58, 'Indra Putra Subing'),
(1471, 58, 'Indra Putra Subing (kelompok 2'),
(1472, 58, 'Karang Endah'),
(1473, 58, 'Karang Endah (kelompok 2)'),
(1474, 58, 'Nambah Dadi'),
(1475, 58, 'Nambah Dadi (kelompok 2)'),
(1476, 58, 'Ono Harjo'),
(1477, 59, 'Bandar Agung'),
(1478, 59, 'Bandar Sakti'),
(1479, 59, 'Gunung Agung'),
(1480, 59, 'Gunung Batin Baru'),
(1481, 59, 'Gunung Batin Baru (kelompok 2)'),
(1482, 59, 'Gunung Batin Ilir'),
(1483, 59, 'Gunung Batin Udik'),
(1484, 59, 'Tanjung Anom'),
(1485, 60, 'Adipuro'),
(1486, 60, 'Depok Rejo'),
(1487, 60, 'Depok Rejo (kelompok 2)'),
(1488, 60, 'Notoharjo'),
(1489, 60, 'Notoharjo (kelompok 2)'),
(1490, 60, 'Pujo Basuki'),
(1491, 60, 'Pujoasri'),
(1492, 60, 'Pujodadi'),
(1493, 60, 'Pujokerto'),
(1494, 60, 'Purwoadi'),
(1495, 60, 'Purwodadi'),
(1496, 60, 'Purwodadi (kelompok 2)'),
(1497, 60, 'Simbar Waringin'),
(1498, 60, 'Tempuran'),
(1499, 60, 'Tempuran (kelompok 2)'),
(1500, 60, 'Untoro'),
(1501, 61, 'Banjar Kertahayu'),
(1502, 61, 'Banjar Kertahayu (kelompok 2)'),
(1503, 61, 'Banjar Ratu'),
(1504, 61, 'Banjar Ratu (kelompok 2)'),
(1505, 61, 'Banjar Rejo'),
(1506, 61, 'Candi Rejo'),
(1507, 61, 'Lempuyang Bandar'),
(1508, 61, 'Lempuyang Bandar (kelompok 2)'),
(1509, 61, 'Purnama Tunggal'),
(1510, 61, 'Purnama Tunggal (kelompok 2)'),
(1511, 61, 'Putra Lempuyang'),
(1512, 61, 'Tanjung Ratu Ilir'),
(1513, 62, 'Sangga Buana'),
(1514, 62, 'Sido Binangun'),
(1515, 62, 'Sri Bawono'),
(1516, 62, 'Sri Budaya'),
(1517, 62, 'Sri Busono'),
(1518, 62, 'Sri Busono (kelompok 2)'),
(1519, 62, 'Suko Binangun'),
(1520, 62, 'Suko Binangun (kelompok 2)'),
(1521, 128, 'Tegalrejo'),
(1522, 227, 'Indralaya'),
(1523, 65, 'Negara Batin'),
(1524, 65, 'Asahan'),
(1525, 65, 'Adirejo'),
(1526, 65, 'Gunung Mekar'),
(1527, 65, 'Gunung Sugih Kecil'),
(1528, 65, 'Pematang Tahalo'),
(1529, 65, 'Jabung'),
(1530, 65, 'Negara Saka'),
(1531, 65, 'Betengsari'),
(1532, 65, 'Belimbing Sari'),
(1533, 65, 'Mekar Jaya'),
(1534, 65, 'Mumbang Jaya'),
(1535, 65, 'Tanjung Sari'),
(1537, 65, 'Adi Luhur'),
(1538, 65, 'Sambirejo'),
(1539, 68, 'Pekalongan'),
(1540, 68, 'Adirejo'),
(1541, 68, 'Sidodadi'),
(1542, 68, 'Gondangrejo'),
(1543, 68, 'Siraman'),
(1544, 68, 'Tulusrejo'),
(1545, 68, 'Jojog'),
(1546, 68, 'Ganti Warno'),
(1547, 68, 'Kali Bening'),
(1548, 68, 'Wonosari'),
(1549, 68, 'Ganti Mulyo'),
(1550, 68, 'Adijaya'),
(1551, 67, 'Sumbergede'),
(1552, 67, 'Sidomulyo'),
(1553, 67, 'Sidomukti'),
(1554, 67, 'Trimulyo'),
(1555, 67, 'Girikarto'),
(1556, 67, 'Hargomulyo'),
(1557, 67, 'Wonokarto'),
(1558, 67, 'Sukoharjo'),
(1559, 67, 'Giriklopomulyo'),
(1560, 67, 'Sidodadi'),
(1561, 67, 'Sambikarto'),
(1562, 67, 'Sumber Sari'),
(1563, 67, 'Karya Mukti'),
(1564, 67, 'Mekar Mulya'),
(1565, 67, 'Jadi Mulyo'),
(1566, 67, 'Jadi Mulyo'),
(1567, 67, 'Mekar Mukti'),
(1568, 67, 'Mekar Sari'),
(1569, 66, 'Banarjoyo'),
(1570, 66, 'Buana Sakti'),
(1571, 66, 'Balekencono'),
(1572, 66, 'Rejo Agung'),
(1573, 66, 'Adiwarno'),
(1574, 66, 'Telogorejo'),
(1575, 66, 'Nampirejo'),
(1576, 66, 'Sumberejo'),
(1577, 66, 'Banjarejo'),
(1578, 66, 'Balerejo'),
(1579, 66, 'Batangharjo'),
(1580, 66, 'Bumi Harjo'),
(1581, 66, 'Bumi Emas'),
(1582, 66, 'Selorejo'),
(1583, 66, 'Sri Basuki'),
(1585, 66, 'Sumber Agung'),
(1586, 66, 'Purwodadi Mekar'),
(1587, 69, 'Braja Sakti'),
(1588, 69, 'Braja Fajar'),
(1589, 69, 'Braja Emas'),
(1590, 69, 'Braja Dewa'),
(1591, 69, 'Braja Caka'),
(1592, 69, 'Braja Asri'),
(1593, 69, 'Sri Wangi'),
(1594, 69, 'Jepara'),
(1595, 69, 'Sri Rejosari'),
(1596, 69, 'Sumberejo'),
(1597, 69, 'Labuhan Ratu I'),
(1598, 69, 'Labuhan Ratu II'),
(1599, 69, 'Sumur Bandung'),
(1600, 69, 'Sumber Marga'),
(1601, 69, 'Labuhan Ratu Danau'),
(1602, 69, 'Labuhan Ratu Baru'),
(1603, 70, 'Taman Fajar'),
(1604, 70, 'Taman Asri'),
(1605, 70, 'Taman Bogo'),
(1606, 70, 'Tambah Dadi'),
(1607, 70, 'Taman Cari'),
(1608, 70, 'Taman Endah'),
(1609, 70, 'Tegal Gondo'),
(1610, 70, 'Toto Harjo'),
(1611, 70, 'Tanjung Inten'),
(1612, 70, 'Tegal Yoso'),
(1613, 70, 'Tanjung Kesuma'),
(1614, 70, 'Tambah Luhur'),
(1616, 71, 'Kota Raman'),
(1617, 71, 'Raman Aji'),
(1618, 71, 'Raman Fajar'),
(1619, 71, 'Raman Endra'),
(1620, 71, 'Rantau Fajar'),
(1621, 71, 'Rukti Sediyo'),
(1622, 71, 'Ratna Daya'),
(1623, 71, 'Rejo Binangun'),
(1624, 71, 'Restu Rahayu'),
(1625, 71, 'Rejo Katon'),
(1626, 71, 'Rama Puja'),
(1627, 72, 'Kibang'),
(1628, 72, 'Marga Jaya'),
(1629, 72, 'Margototo'),
(1630, 72, 'Purbosembodo'),
(1631, 72, 'Sumber Agung'),
(1632, 72, 'Margosari'),
(1633, 73, 'Tanjung Harapan'),
(1634, 73, 'Negeri Tua'),
(1635, 73, 'Negeri Katon'),
(1636, 73, 'Negeri Agung'),
(1637, 73, 'Negeri Jemanten'),
(1638, 73, 'Sukaraja Tiga'),
(1639, 73, 'Gedung Wani'),
(1640, 73, 'Jaya Guna'),
(1641, 73, 'Sukadana Baru'),
(1642, 73, 'Nabang Baru'),
(1643, 73, 'Surya Mataram'),
(1644, 73, 'Gedungwani Timur'),
(1645, 73, 'Trisinar'),
(1646, 74, 'Pugung Raharjo'),
(1647, 74, 'Mengandung Sari'),
(1648, 74, 'T o b a'),
(1649, 74, 'Banjar Agung'),
(1650, 74, 'Bojong'),
(1651, 74, 'Gunung Agung'),
(1652, 74, 'Sindang Anom'),
(1653, 74, 'Bauh Gunung Sari'),
(1654, 74, 'Gunung Pasir Jaya'),
(1655, 74, 'Gunung Sugih Besar'),
(1656, 74, 'Sidorejo'),
(1657, 74, 'Brawijaya'),
(1658, 74, 'Gunung Mulyo'),
(1659, 74, 'Bumi Mulyo'),
(1660, 74, 'Purwokencono'),
(1661, 75, 'Sukaraja Nuban'),
(1662, 75, 'Purwosari'),
(1663, 75, 'Tulung Balak'),
(1664, 75, 'Kedaton'),
(1665, 75, 'Kedaton I'),
(1666, 75, 'Kedaton II'),
(1667, 75, 'Trisnomulyo'),
(1668, 75, 'Cempaka Nuban'),
(1669, 75, 'Gedung Dalem'),
(1670, 75, 'Bumi Jawa'),
(1671, 75, 'Gunung Tiga'),
(1672, 75, 'Negara Ratu'),
(1673, 75, 'Sukacari'),
(1674, 76, 'Donomulyo'),
(1675, 76, 'Nyampir'),
(1676, 76, 'Bumi Tinggi'),
(1677, 76, 'Lehan'),
(1678, 76, 'Marga Mulya'),
(1679, 77, 'Sribawono'),
(1681, 77, 'Srimenanti'),
(1682, 77, 'Sripendowo'),
(1683, 77, 'Waringin Jaya'),
(1684, 77, 'Bandar Agung'),
(1685, 77, 'Mekar Jaya'),
(1686, 78, 'Mataram Baru'),
(1687, 78, 'Rajabasa Baru'),
(1688, 78, 'Teluk Dalem'),
(1689, 78, 'Way Areng'),
(1690, 78, 'Tulung Pasik'),
(1691, 78, 'Mandala Sari'),
(1692, 78, 'Kebon Damar'),
(1693, 79, 'Wana'),
(1694, 79, 'Tanjung Aji'),
(1695, 79, 'Tebing'),
(1696, 79, 'Sido Makmur'),
(1697, 79, 'Itik Renday'),
(1698, 79, 'Sumber Hadi'),
(1699, 80, 'Negeri Agung'),
(1700, 80, 'Pempen'),
(1701, 80, 'Way Mili'),
(1702, 80, 'Pelindung Jaya'),
(1703, 80, 'Nibung'),
(1704, 81, 'Pasir Sakti'),
(1705, 81, 'Mulyosari'),
(1706, 81, 'Rejo Mulyo'),
(1707, 81, 'Purworejo'),
(1708, 81, 'Kedung Ringin'),
(1709, 81, 'Sumur Kucing'),
(1710, 81, 'Labuhan Ratu'),
(1711, 81, 'Mekar Sari'),
(1712, 82, 'Sumberejo'),
(1713, 82, 'Ngesti Karya'),
(1714, 82, 'Tri Tunggal'),
(1715, 82, 'Sidorahayu'),
(1716, 82, 'Jembrana'),
(1717, 82, 'Tanjung Wangi'),
(1718, 82, 'Marga Batin'),
(1719, 82, 'Mekar Karya'),
(1720, 82, 'Sumber Jaya'),
(1721, 82, 'Karang Anom'),
(1722, 82, 'Karya Basuki'),
(1723, 83, 'Labuhan Ratu'),
(1724, 83, 'Labuhan Ratu III'),
(1725, 83, 'Labuhan Ratu IV'),
(1727, 83, 'Labuhan Ratu V'),
(1728, 83, 'Labuhan Ratu VI'),
(1729, 83, 'Rajabasa Lama'),
(1730, 83, 'Rajabasa Lama I'),
(1731, 83, 'Rajabasa Lama II'),
(1732, 83, 'Labuhan Ratu VII'),
(1733, 83, 'Labuhan Ratu VIII'),
(1734, 83, 'Labuhan Ratu IX'),
(1735, 84, 'Braja Harjosari'),
(1736, 84, 'Braja Gemilang'),
(1737, 84, 'Braja Indah'),
(1738, 84, 'Braja Yekti'),
(1739, 84, 'Braja Kencana'),
(1740, 84, 'Braja Luhur'),
(1741, 84, 'Braja Mulya'),
(1742, 85, 'Tambah Subur'),
(1743, 85, 'Tanjung Qencono'),
(1744, 85, 'Tanjung Tirto'),
(1745, 85, 'Toto Mulyo'),
(1746, 85, 'Toto Projo'),
(1747, 85, 'Taman Negeri'),
(1748, 85, 'Tegal Ombo'),
(1749, 85, 'Kali Pasir'),
(1750, 86, 'Purwosari'),
(1751, 86, 'Bungkuk'),
(1752, 86, 'Giri Mulyo'),
(1753, 86, 'Batu Badak'),
(1754, 86, 'Gunung Mas'),
(1755, 86, 'Gunung Raya'),
(1756, 86, 'Peniangan'),
(1757, 86, 'Bukit Raya'),
(1758, 32, 'Wawasan'),
(1759, 171, 'Candra Jaya'),
(1760, 171, 'Candra Kencana II'),
(1761, 171, 'Panaragan Jaya Indah'),
(1762, 171, 'Panaragan Jaya Utama'),
(1763, 174, 'Indraloka IIa'),
(1764, 174, 'Indraloka Jaya'),
(1765, 174, 'Indraloka Mukti'),
(1766, 174, 'Agung Jaya 2'),
(1767, 174, 'Balam Jaya 2'),
(1768, 174, 'Mercu Buana 2'),
(1769, 167, 'Dwikora Jaya'),
(1770, 167, 'Mulya Sari'),
(1771, 167, 'Sumber Rejeki'),
(1772, 167, 'Suka Jaya 2'),
(1773, 167, 'Tunas Jaya 2'),
(1775, 167, 'Mekar Jaya 2'),
(1776, 168, 'Kagungan Jaya'),
(1777, 168, 'Terang Mulya'),
(1779, 168, 'Mulyo Jadi'),
(1780, 168, 'Setia Agung'),
(1781, 168, 'Terang Makmur'),
(1782, 168, 'Terang Bumi Agung'),
(1783, 168, 'Setia Bumi 2'),
(1784, 168, 'Toto Mulyo 2'),
(1785, 169, 'Gilang Tunggal Makarta'),
(1786, 169, 'Kibang Mulya Jaya'),
(1787, 169, 'Kibang Budi Jaya 2'),
(1788, 169, 'Kibang Yekti Jaya 2'),
(1789, 170, 'Marga Jaya Indah'),
(1790, 170, 'Bujung Dewa 2'),
(1791, 170, 'Cahyow Randu 2'),
(1792, 228, 'Harapan Jaya'),
(1793, 228, 'Harapan Jaya 2'),
(1794, 228, 'Harapan Jaya 3'),
(1795, 228, 'Harapan Jaya 4'),
(1796, 228, 'Harapan Jaya 5'),
(1797, 228, 'Harapan Jaya 6'),
(1798, 228, 'Harapan Jaya 7'),
(1799, 228, 'Harapan Jaya 8'),
(1810, 229, 'Fajar Baru'),
(1811, 229, 'Fajar Mulya / Mulia'),
(1812, 229, 'Giri Tunggal'),
(1813, 229, 'Gunung Raya'),
(1814, 229, 'Kemilin'),
(1815, 229, 'Madaraya'),
(1816, 229, 'Margosari'),
(1817, 229, 'Neglasari'),
(1818, 229, 'Sumber Bandung'),
(1819, 229, 'Way Kunir'),
(1831, 126, 'Ambarawa'),
(1832, 126, 'Ambarawa Barat'),
(1833, 126, 'Margodadi'),
(1834, 126, 'Jati Agung'),
(1835, 126, 'Sumber Agung'),
(1836, 126, 'Kresnomulyo'),
(1837, 126, 'Tanjung Anom'),
(1838, 126, 'Ambarawa Timur'),
(1839, 130, 'Selapan'),
(1840, 130, 'Kedaung'),
(1841, 130, 'Suka Negeri'),
(1842, 130, 'Rantau Tijang'),
(1843, 130, 'Pardasuka'),
(1844, 130, 'Sukorejo'),
(1845, 130, 'Wargo Mulyo'),
(1846, 130, 'Sidodadi'),
(1847, 130, 'Sukorejo'),
(1848, 130, 'Sidodadi'),
(1849, 130, 'Pardasuka Timur'),
(1850, 130, 'Tanjung Rusia Timur'),
(1851, 130, 'Pardasuka Selatan'),
(1852, 125, 'Sinarwaya'),
(1853, 125, 'Bandung Baru'),
(1854, 125, 'Waringinsari Timur'),
(1855, 125, 'Tritunggal Mulya'),
(1856, 125, 'Sukoharum'),
(1857, 125, 'Enggal Rejo'),
(1858, 125, 'Adiluwih'),
(1859, 125, 'Purwodadi'),
(1860, 125, 'Bandung Barat'),
(1861, 125, 'Totokarto'),
(1862, 125, 'Kutawaringin'),
(1863, 125, 'Srikaton'),
(1864, 125, 'Tunggul Pawenang'),
(1865, 127, 'WayaKrui'),
(1866, 127, 'Sri Rahayu'),
(1867, 127, 'Nusawungu'),
(1868, 127, 'Sukamulya'),
(1869, 127, 'Banjarejo'),
(1870, 127, 'Sriwungu'),
(1871, 127, 'Banyuwangi'),
(1872, 127, 'Banyumas'),
(1873, 127, 'Sinarmulya'),
(1874, 127, 'Mulyorejo'),
(1875, 127, 'Banyu Urip'),
(1876, 135, 'Tanjungsari'),
(1877, 132, 'Kaputran'),
(1878, 132, 'Pandan Sari'),
(1879, 132, 'Pandan Sari Selatan'),
(1880, 132, 'Pandan Surat'),
(1881, 132, 'Panggung Rejo'),
(1882, 132, 'Siliwangi'),
(1883, 132, 'Sinar Baru'),
(1884, 132, 'Sukoyoso'),
(1885, 228, 'Harapan Jaya I'),
(1886, 228, 'Harapan Jaya II'),
(1887, 228, 'Pesawaran Indah I'),
(1888, 228, 'Pesawaran Indah II'),
(1889, 228, 'Mulyo Sari'),
(1890, 228, 'Ponco Rejo'),
(1891, 228, 'Ceringin Asri'),
(1892, 228, 'Gunung Rejo'),
(1893, 142, 'Merbau 2'),
(1894, 142, 'Purwosari 2'),
(1895, 150, 'Petay Kayu'),
(1896, 139, 'Maros'),
(1897, 147, 'Margo Mulyo'),
(1898, 147, 'Karang Agung 2'),
(1899, 144, 'Kaur Gading 2'),
(1900, 84, 'Braja Harjosari II'),
(1901, 77, 'Sadar Sriwijaya'),
(1902, 77, 'Bandar Agung II'),
(1903, 83, 'Labuhan Ratu '),
(1904, 83, 'Labuhan Ratu III'),
(1905, 83, 'Labuhan Ratu IV'),
(1906, 83, 'Labuhan Ratu V'),
(1907, 83, 'Labuhan Ratu VI'),
(1908, 83, 'Labuhan Ratu VII'),
(1909, 83, 'Labuhan Ratu VIII'),
(1910, 83, 'Labuhan Ratu IX'),
(1911, 78, 'Mataram Baru I'),
(1912, 78, 'Mataram Baru II'),
(1913, 79, 'Sumber Hadi II'),
(1914, 79, 'Wana II'),
(1915, 67, 'Jadi Mulyo'),
(1916, 76, 'Lehan I'),
(1917, 76, 'Catur Swako'),
(1918, 76, 'Mulyo Asri'),
(1919, 76, 'Lehan II'),
(1920, 32, 'Wawasan 2'),
(1921, 32, 'Wawasan 3'),
(1922, 32, 'Wawasan 4'),
(1923, 141, 'Negeri Kelumbayan 2'),
(1924, 141, 'Napal 2'),
(1925, 141, 'Penyandingan 2'),
(1926, 141, 'Umbar 2'),
(1927, 136, 'Kacamarga 2'),
(1928, 136, 'Tanjung Betuah 2'),
(1929, 228, 'Bunut'),
(1930, 228, 'Bunut Seberang'),
(1931, 228, 'Harapan Jaya III'),
(1932, 139, 'Kota Batu'),
(1933, 226, 'Darussalam'),
(1934, 63, 'Muara Jaya 2'),
(1935, 135, 'Suka Agung'),
(1936, 149, 'Kebun Pisang'),
(1937, 26, 'Bumi Daya'),
(1938, 26, 'Bumi Asih'),
(1939, 26, 'Bumi Restu'),
(1940, 26, 'Bumi Asri'),
(1941, 133, 'Margomulyo'),
(1942, 146, 'Sinar Mancak'),
(1943, 146, 'Srimanganten'),
(1944, 146, 'Tanjung Begelung'),
(1945, 142, 'Sidoharjo 2'),
(1946, 84, 'Braja Gemilang 2'),
(1947, 71, 'Raman Indra'),
(1948, 76, 'Donomulyo 2'),
(1949, 80, 'Pelindung Jaya 2'),
(1950, 80, 'Nibung 2'),
(1951, 80, 'Desa Meranti Jaya'),
(1952, 174, 'Balam Asri'),
(1953, 171, 'Candra Mukti'),
(1954, 171, 'Mulya Jaya'),
(1956, 230, 'Toto Katon I'),
(1957, 230, 'Toto Katon II'),
(1958, 230, 'Marga Sari'),
(1959, 230, 'Marga Sari II'),
(1960, 230, 'Margo Dadi'),
(1961, 167, 'Jaya Murni II'),
(1962, 167, 'Marga Jaya'),
(1963, 167, 'Tri Tunggal Jaya II'),
(1964, 172, 'Gunung Ratu II'),
(1965, 172, 'Gunung Katun Malai II'),
(1966, 172, 'Gunung Katun Tanjungan II'),
(1967, 171, 'Tirta Makmur'),
(1968, 72, 'Kibang 2'),
(1969, 72, 'Margototo 2'),
(1970, 72, 'Margosari 2'),
(1971, 67, 'Giriklopomulyo 2'),
(1972, 72, 'Marga Jaya 2'),
(1973, 151, 'Banjar Negoro 2'),
(1974, 172, 'Karta Raya'),
(1975, 64, 'Karang Anyar 2'),
(1977, 168, 'Gunung Agung 2'),
(1978, 84, 'Braja Luhur 2'),
(1979, 230, 'Margo Mulya'),
(1980, 230, 'Mulyo Sari'),
(1981, 230, 'Panca Marga'),
(1982, 230, 'Sakti Jaya'),
(1983, 230, 'Sido Makmur'),
(1984, 230, 'Toto Makmur'),
(1985, 230, 'Toto Wonodadi'),
(1995, 176, 'Argomulyo'),
(1996, 176, 'Bali Sadar Selatan'),
(1997, 176, 'Bali Sadar Tengah'),
(1998, 176, 'Bali Sadar Utara'),
(1999, 176, 'Bandar Agung'),
(2000, 176, 'Bonglai'),
(2001, 176, 'Campang Delapan'),
(2002, 176, 'Dono Mulyo'),
(2003, 176, 'Juku Batu'),
(2004, 176, 'Kemu'),
(2005, 176, 'Menanga Jaya'),
(2006, 176, 'Menanga Siamang'),
(2007, 176, 'Neki'),
(2008, 176, 'Pasir Banjit'),
(2009, 176, 'Rantau Jaya'),
(2010, 176, 'Rantau Temiang'),
(2011, 176, 'Rebang Tinggi'),
(2012, 176, 'Simpang Asam'),
(2013, 176, 'Sumber Baru'),
(2014, 176, 'Sumber Sari'),
(2028, 182, 'Bukit Batu'),
(2029, 182, 'Datar Bancong'),
(2030, 182, 'Gelombang Panjang'),
(2031, 182, 'Jaya Tinggi'),
(2032, 182, 'Jukuh Kemuning'),
(2033, 182, 'Kampung Baru'),
(2034, 182, 'Karang Lantang'),
(2035, 182, 'Kasui Lama'),
(2036, 182, 'Kasui Pasar'),
(2037, 182, 'Kedaton'),
(2038, 182, 'Kota Way'),
(2039, 182, 'Sinar Gading'),
(2040, 182, 'Sukajadi'),
(2041, 182, 'Talang Mangga'),
(2042, 182, 'Tangkas'),
(2043, 182, 'Tanjung Bulan'),
(2044, 182, 'Tanjung Harapan'),
(2045, 182, 'Tanjung Kurung'),
(2046, 182, 'Tanjung Kurung Lama'),
(2047, 184, 'Bandar Dalam'),
(2048, 184, 'Bandar Kasih'),
(2049, 184, 'Gedung Harapan'),
(2050, 184, 'Gedung Jaya'),
(2051, 184, 'Gedung Meneng'),
(2052, 184, 'Kali Papan'),
(2053, 184, 'Karya Agung'),
(2054, 184, 'Kota Baru'),
(2055, 184, 'Kotabumi Way Kanan'),
(2056, 184, 'Mulya Agung'),
(2057, 184, 'Mulya Sari'),
(2058, 184, 'Negeri Agung'),
(2059, 184, 'Penengahan'),
(2060, 184, 'Pulau Batu'),
(2061, 184, 'Rejo Sari'),
(2062, 184, 'Sumber Rejeki'),
(2063, 184, 'Sunsang'),
(2064, 184, 'Tanjung Rejo'),
(2065, 184, 'Way Limau'),
(2066, 178, 'Blambangan Umpu'),
(2067, 178, 'Bratha Yudha'),
(2068, 178, 'Bumi Baru'),
(2069, 178, 'Bumi Ratu');
INSERT INTO `lokasi_desa` (`id_desa`, `id_kecamatan`, `nama_desa`) VALUES
(2070, 178, 'Gedung Batin'),
(2071, 178, 'Gedung Riang'),
(2072, 178, 'Gistang'),
(2073, 178, 'Gunung Sangkaran'),
(2074, 178, 'Karang Umpu'),
(2075, 178, 'Lembasung'),
(2076, 178, 'Negeri Baru'),
(2077, 178, 'Negeri Batin'),
(2078, 178, 'Negeri Bumi Putra'),
(2079, 178, 'Ojolali'),
(2081, 144, 'Tampang Tua 2'),
(2083, 144, 'Tampang Tua'),
(2084, 144, 'Tirom 2'),
(2086, 144, 'Teluk Brak 2'),
(2087, 144, 'Karang Brak 2'),
(2088, 144, 'Way Asahan 2'),
(2089, 144, 'Tampang Muda 2'),
(2090, 144, 'Martanda'),
(2091, 144, 'Martanda 2'),
(2092, 178, 'Panca Negeri'),
(2093, 178, 'Rambang Jaya'),
(2094, 178, 'Sangkaran Bakti'),
(2095, 178, 'Segara Mider'),
(2096, 178, 'Sidoarjo'),
(2097, 178, 'Sri Rejeki'),
(2098, 178, 'Sriwijaya'),
(2099, 178, 'Tanjung Raja Giham'),
(2100, 178, 'Tanjung Raja Sakti'),
(2101, 178, 'Tanjung Sari'),
(2102, 178, 'Umpu Bhakti'),
(2103, 178, 'Umpu Kencana'),
(2104, 96, 'Bukit Kemuning'),
(2105, 96, 'Dwikora'),
(2106, 96, 'Muara Aman'),
(2107, 96, 'Sidomulyo'),
(2108, 96, 'Suka Menanti'),
(2109, 96, 'Tanjung Baru'),
(2110, 96, 'Tanjung Baru Timur'),
(2111, 96, 'Tanjung Waras'),
(2112, 87, 'Bumi Mandiri'),
(2113, 87, 'Bumi Nabung'),
(2114, 87, 'Cahaya Negeri'),
(2115, 87, 'Gunung Betuah'),
(2116, 87, 'Hujan Mas'),
(2117, 87, 'Kemplas/Kamplas'),
(2118, 87, 'Kistang'),
(2119, 87, 'Lepang Besar'),
(2120, 87, 'Ogan Lima'),
(2121, 87, 'Pematang Kasih'),
(2122, 87, 'Pengaringan'),
(2123, 87, 'Simpang Abung/Agung'),
(2124, 87, 'Tanjung Harta'),
(2125, 87, 'Way Wakak'),
(2126, 108, 'Gunung Katon'),
(2127, 108, 'Karang Waringin'),
(2128, 108, 'Kemala Raja'),
(2129, 108, 'Mekar Jaya'),
(2130, 108, 'Merambung'),
(2131, 108, 'Priangan Baru'),
(2132, 108, 'Sido Mulyo'),
(2133, 108, 'Sinar Jaya'),
(2134, 108, 'Sinarmulya'),
(2135, 108, 'Sindang Agung'),
(2136, 108, 'Sindang Marga'),
(2137, 108, 'Sri Menanti'),
(2138, 108, 'Suka Mulya'),
(2139, 108, 'Sukasari'),
(2140, 108, 'Tanjung Beringin'),
(2141, 108, 'Tanjung Raja'),
(2142, 108, 'Tanjung Riang'),
(2143, 108, 'Tulung Balak'),
(2144, 108, 'Ulak Ata'),
(2145, 94, 'Kebun Dalam'),
(2146, 94, 'Muara Dua'),
(2147, 94, 'Pulau Panggung'),
(2148, 94, 'Sekipi'),
(2149, 94, 'Sido Kayo'),
(2150, 94, 'Suka Maju'),
(2151, 94, 'Suka Marga'),
(2152, 94, 'Ulak Rengas'),
(2153, 14, 'Sidorejo'),
(2154, 14, 'Ringin Sari'),
(2155, 9, 'Heni Harong'),
(2156, 9, 'Keagungan'),
(2157, 9, 'Lombok'),
(2158, 9, 'Lombok Selatan'),
(2159, 9, 'Lombok Timur'),
(2160, 9, 'Pancur Mas'),
(2161, 9, 'Suka Banjar'),
(2162, 9, 'Suka Banjar II Ujung Rembun'),
(2163, 9, 'Suka Maju'),
(2164, 9, 'Tawan Suka Mulya'),
(2165, 9, 'Ujung'),
(2166, 231, 'Basungan'),
(2167, 231, 'Batu Api'),
(2168, 231, 'Marga Jaya'),
(2169, 231, 'Mekar Sari'),
(2170, 231, 'Pagar Dewa'),
(2171, 231, 'Pahayu Jaya'),
(2172, 231, 'Sidomulyo'),
(2173, 231, 'Suka Jaya'),
(2174, 231, 'Suka Mulya'),
(2175, 176, 'Juku Batu 2'),
(2176, 182, 'Jaya Tinggi 2'),
(2177, 182, 'Kedaton 2'),
(2178, 184, 'Kali Papan 2'),
(2180, 178, 'Gistang 2'),
(2181, 178, 'Gunung Sangkaran 2'),
(2182, 178, 'Gedung Batin 2'),
(2183, 178, 'Negeri Baru 2'),
(2184, 186, 'Bhakti Negara'),
(2185, 186, 'Bumi Mulya'),
(2186, 186, 'Gunung Cahya'),
(2187, 186, 'Gunung Waras'),
(2188, 186, 'Karang Agung'),
(2189, 186, 'Negara Harja'),
(2190, 186, 'Negara Ratu'),
(2191, 186, 'Negara Sakti'),
(2193, 186, 'Rumbih'),
(2194, 186, 'Sukabumi'),
(2195, 186, 'Tanjung Agung'),
(2196, 186, 'Tanjung Ratu'),
(2197, 181, 'Banjar Ratu'),
(2198, 181, 'Banjar Sakti'),
(2199, 181, 'Bengkulu'),
(2200, 181, 'Bengkulu Jaya'),
(2201, 181, 'Bengkulu Raman'),
(2202, 181, 'Bengkulu Rejo'),
(2203, 181, 'Bengkulu Tengah'),
(2204, 181, 'Curup Patah'),
(2205, 181, 'Gunung Baru'),
(2206, 181, 'Gunung Labuhan'),
(2207, 181, 'Gunung Pekuwon'),
(2208, 181, 'Kayu Batu'),
(2209, 181, 'Negeri Sungkai'),
(2210, 181, 'Sukarame'),
(2211, 181, 'Tiuh Balak II'),
(2212, 181, 'Banjar Ratu 2'),
(2213, 181, 'Bengkulu Rejo 2'),
(2214, 181, 'Bengkulu Jaya 2'),
(2215, 12, 'Tanjung Raya 2'),
(2216, 12, 'Hanakau 2'),
(2217, 4, 'Kerang'),
(2218, 4, 'Teba Liyokh'),
(2219, 4, 'Kegeringan 2'),
(2220, 5, 'Argo Mulyo'),
(2221, 5, 'Atar Bawang'),
(2222, 5, 'Atar Kuwau'),
(2223, 5, 'Bakhu'),
(2224, 5, 'Batu Kebayan'),
(2225, 5, 'Campang Tiga'),
(2226, 5, 'Kubu Liku Jaya'),
(2227, 5, 'Luas'),
(2228, 5, 'Sumber Rejo'),
(2229, 5, 'Way Ngison'),
(2230, 5, 'Bakhu 2'),
(2231, 5, 'Luas 2'),
(2232, 105, 'Banjar Ketapang'),
(2233, 105, 'Bumi Ratu'),
(2234, 105, 'Gedung Ketapang'),
(2235, 105, 'Gunung Labuan'),
(2236, 105, 'Karang Rejo'),
(2237, 105, 'Ketapang'),
(2238, 105, 'Kota Agung'),
(2239, 105, 'Labuhan Ratu Kp'),
(2240, 105, 'Labuhan Ratu Pasar'),
(2241, 105, 'Sidodadi'),
(2242, 105, 'Sirna Galih'),
(2243, 105, 'Ketapang 2'),
(2244, 136, 'Karang Buah'),
(2245, 136, 'Kutakakhang'),
(2246, 136, 'Sawang Balak'),
(2247, 136, 'Suka Banjar'),
(2248, 80, 'Negeri Agung 2'),
(2249, 3, 'Suoh 2'),
(2250, 3, 'Bandar Agung 2'),
(2251, 14, 'Rowo Rejo 2'),
(2252, 182, 'Kasui Pasar 2'),
(2253, 182, 'Tanjung Kurung 2'),
(2254, 182, 'Kasui Lama 2'),
(2255, 186, 'Gunung Waras 2'),
(2256, 87, 'Cahaya Negeri 2'),
(2257, 87, 'Ogan Lima 2'),
(2258, 9, 'Lombok 2'),
(2259, 176, 'Bonglai 2'),
(2260, 176, 'Argomulyo 2'),
(2261, 176, 'Dono Mulyo 2'),
(2262, 231, 'Sidomulyo 2'),
(2263, 231, 'Basungan 2'),
(2264, 231, 'Marga Jaya 2'),
(2265, 178, 'Negeri Batin 2'),
(2266, 178, 'Blambangan Umpu 2'),
(2267, 94, 'Sido Kayo 2'),
(2268, 96, 'Dwikora 2'),
(2269, 96, 'Tanjung Baru 2'),
(2270, 177, 'Bumi Rejo'),
(2271, 177, 'Bumi Merapi'),
(2272, 177, 'Sukosari'),
(2273, 177, 'Banjar Sari'),
(2274, 177, 'Gedung Rejo'),
(2275, 177, 'Banjar Setia'),
(2276, 177, 'Bhakti Negara'),
(2277, 177, 'Banjar Mulia'),
(2278, 108, 'Tanjung Beringin 2'),
(2279, 94, 'Suka Marga 2'),
(2280, 103, 'Cahaya Mas'),
(2281, 103, 'Comok Sinar Jaya'),
(2282, 103, 'Gunung Maknibai'),
(2283, 103, 'Gunung Raja'),
(2284, 103, 'Kubuhitu'),
(2285, 103, 'Negeri Batin Jaya'),
(2286, 103, 'Negeri Sakti'),
(2287, 103, 'Sinar Harapan'),
(2288, 103, 'Sinar Harapan 2'),
(2289, 103, 'Tanjung Jaya'),
(2290, 103, 'Way Isem'),
(2291, 103, 'Way Isem 2'),
(2292, 108, 'Meraja'),
(2294, 136, 'Putih Doh 3'),
(2295, 136, 'Pekondoh 3'),
(2297, 9, 'Keagungan 2'),
(2298, 9, 'Suka Banjar 2'),
(2300, 142, 'Merbau 3'),
(2301, 142, 'Marga Mulya 2'),
(2302, 142, 'Lengkukai 2'),
(2304, 142, 'Sidoharjo 3'),
(2305, 142, 'Batu Patah 2'),
(2306, 147, 'Suka Jaya'),
(2307, 133, 'Batu Tegi 2'),
(2308, 133, 'Way Harong 2'),
(2309, 133, 'Air Kubang 2'),
(2310, 133, 'Sinar Jawa 2'),
(2311, 133, 'Datar Lebuay 2'),
(2312, 133, 'Margomulyo 2'),
(2313, 5, 'Way Ngison 2'),
(2314, 4, 'Kembahang 2'),
(2315, 5, 'Kubu Liku Jaya 2'),
(2317, 176, 'Pasir Banjit 2'),
(2318, 177, 'Banjar Negara'),
(2319, 177, 'Banjar Masin'),
(2320, 177, 'Setia Negara'),
(2321, 177, 'Tiuh Balak Pasar'),
(2322, 177, 'Cugah'),
(2323, 177, 'Gunung Katun'),
(2324, 177, 'Gedung Pakuan'),
(2325, 187, 'Gunung Sari'),
(2326, 187, 'Air Ringkih'),
(2327, 187, 'Beringin Jaya'),
(2328, 187, 'Mulya Jaya'),
(2329, 187, 'Karya Maju'),
(2330, 8, 'Muara Jaya II'),
(2331, 8, 'Tribudi Sukur'),
(2332, 8, 'Cipta Mulya'),
(2333, 8, 'Tribudi Makmur'),
(2334, 8, 'Pura Jaya'),
(2335, 6, 'Serungkuk'),
(2336, 11, 'Sekincau 2'),
(2337, 2, 'Pasar Liwa 2'),
(2338, 2, 'Padang Dalom 2'),
(2339, 12, 'Jaga Raga 2'),
(2340, 92, 'Gunung Gijul'),
(2341, 92, 'Gunung Sadar'),
(2342, 92, 'Kedaton'),
(2343, 92, 'Pekurun Barat'),
(2344, 92, 'Pekurun Selatan'),
(2345, 92, 'Pekurun Utara'),
(2346, 92, 'Sribandung'),
(2347, 92, 'Subik'),
(2348, 92, 'Neglasari'),
(2349, 92, 'Gunung Besar'),
(2350, 177, 'Setia Negara 2'),
(2351, 6, 'Pajar Agung'),
(2352, 187, 'Lebak Peniangan'),
(2353, 233, 'Padasuka'),
(2354, 60, 'Liman Benawi'),
(2355, 177, 'Banjar Baru'),
(2356, 178, 'Bumi Baru 2'),
(2357, 233, 'Selaraja'),
(2358, 233, 'Pasirtangkil'),
(2359, 233, 'Sukarendah'),
(2360, 233, 'Sukaraja'),
(2361, 234, 'Cibadak'),
(2362, 234, 'Panancangan'),
(2363, 234, 'Pasar Keong'),
(2364, 234, 'Asem'),
(2365, 234, 'Cisangu'),
(2366, 234, 'Bojongcae'),
(2367, 234, 'Bojongleles'),
(2368, 235, 'Nagori Ujung Mariah'),
(2369, 235, 'Nagori Ujung Saribu'),
(2370, 236, 'Gurabati'),
(2371, 237, 'Dufa-Dufa'),
(2372, 111, 'Fajar Indah 2'),
(2373, 111, 'Adi Karya Mulya'),
(2374, 113, 'Simpang Pematang'),
(2375, 113, 'Jaya Sakti'),
(2376, 113, 'Simpang Mesuji'),
(2377, 113, 'Mulya Agung'),
(2378, 113, 'Wira Bangun'),
(2379, 114, 'Berasan Makmur'),
(2380, 114, 'Bujung Buring Baru'),
(2381, 114, 'Gedung Mulya'),
(2382, 114, 'Mekar Jaya'),
(2383, 114, 'Muara Tenang Timur'),
(2384, 114, 'Mukti Jaya'),
(2385, 114, 'Sriwijaya'),
(2386, 114, 'Tanjung Harapan'),
(2387, 115, 'Karang Mulya'),
(2388, 115, 'Labuhan Makmur'),
(2389, 115, 'Labuhan Mulya'),
(2390, 115, 'Labuhan Permai'),
(2391, 115, 'Margo Bhakti'),
(2392, 115, 'Sri Gedung Mulya'),
(2393, 115, 'Suka Mandiri'),
(2394, 115, 'Sumber Rejo'),
(2395, 115, 'Tri Tunggal Jaya'),
(2396, 225, 'Sidang Makmur'),
(2397, 225, 'Sidang Muara Jaya'),
(2398, 110, 'Margo Jaya'),
(2399, 110, 'Margo Mulyo'),
(2400, 110, 'Muara Asri'),
(2401, 110, 'Pangkal Mas'),
(2402, 155, 'Sungai Nibung'),
(2403, 156, 'Batu Ampar'),
(2404, 156, 'Mekar Asri'),
(2405, 156, 'Mesir Dwi Jaya'),
(2406, 156, 'Setia Tama'),
(2407, 156, 'Suka Bhakti'),
(2408, 156, 'Sumber Jaya'),
(2409, 158, 'Gedung Meneng 2'),
(2410, 153, 'Mekar Jaya 2'),
(2411, 153, 'Jaya Makmur 2'),
(2412, 143, 'Ketapang'),
(2413, 143, 'Ketapang 2'),
(2414, 13, 'Way Petai 2'),
(2415, 8, 'Muara Baru'),
(2416, 8, 'Muara Jaya I'),
(2417, 8, 'Pura Wiwitan'),
(2418, 8, 'Sinar Luas'),
(2419, 8, 'Tugu Mulya'),
(2420, 8, 'Tribudi Makmur 2'),
(2421, 8, 'Tugu Mulya 2'),
(2422, 1, 'Gunung Terang 2'),
(2423, 1, 'Sidodadi 2'),
(2424, 7, 'Cipta Waras'),
(2425, 7, 'Mekarjaya'),
(2426, 7, 'Pura Mekar'),
(2427, 7, 'Tri Mulyo'),
(2428, 7, 'Gedung Surian 2'),
(2429, 7, 'Mekarjaya 2'),
(2430, 7, 'Pura Mekar 2'),
(2431, 11, 'Pampangan 2'),
(2432, 11, 'Waspada 2'),
(2433, 231, 'Sidodadi'),
(2434, 71, 'Raman Fajar 2'),
(2435, 123, 'Sukajaya'),
(2436, 123, 'Bayas Jaya'),
(2437, 123, 'Tanjung Kerta'),
(2438, 160, 'Kibang'),
(2439, 160, 'Kibang 2'),
(2440, 160, 'Menggala 2'),
(2441, 152, 'Moris Jaya 2'),
(2442, 92, 'Kinciran'),
(2443, 71, 'Rama Puja 2'),
(2444, 1, 'Sumber Alam 2'),
(2445, 225, 'Telogo Rejo 2'),
(2446, 225, 'Panggung Jaya 2'),
(2447, 13, 'Tugu Sari 2'),
(2448, 116, 'Bagelen'),
(2449, 116, 'Sungai Langka'),
(2450, 118, 'Bangunsari'),
(2451, 121, 'Gerning'),
(2452, 123, 'Padang Cermin'),
(2453, 122, 'Padang Manis'),
(2454, 131, 'Pringkumpul'),
(2455, 132, 'Sukoharjo 2'),
(2456, 131, 'Podomoro'),
(2457, 128, 'Tambah Rejo'),
(2458, 129, 'Gemahripah'),
(2459, 221, 'Metro'),
(2460, 220, 'Ganjar Asri'),
(2461, 223, 'Yosodadi'),
(2462, 189, 'Pagar Bukit'),
(2463, 90, 'Pekurun Induk'),
(2464, 239, 'Way Lunik'),
(2465, 89, 'Tatakarya'),
(2466, 99, 'Gapura'),
(2467, 100, 'Bandar Putih'),
(2468, 99, 'Rejosari'),
(2469, 100, 'Tanjung Aman'),
(2470, 101, 'Talang Jali'),
(2471, 58, 'Yukum Jaya'),
(2472, 58, 'Terbanggi Besar'),
(2473, 58, 'Yukum Jaya 2'),
(2474, 29, 'Sidowaluyo'),
(2475, 22, 'Merbau Mataram'),
(2476, 31, 'Jati Baru'),
(2477, 28, 'Sukaraja'),
(2478, 25, 'Negara Ratu'),
(2479, 25, 'Hajimena'),
(2480, 25, 'Hajimena 2'),
(2481, 25, 'Hajimena 3'),
(2482, 25, 'Hajimena 4'),
(2483, 27, 'Banjarmasin'),
(2484, 25, 'Candi Mas'),
(2485, 200, 'Bumi Waras'),
(2486, 201, 'Enggal'),
(2487, 202, 'Tanjung Raya'),
(2488, 217, 'Sukabumi Indah'),
(2489, 202, 'Tanjung Agung Raya'),
(2490, 205, 'Kampung Baru'),
(2491, 207, 'Segala Mider'),
(2492, 203, 'Kedaton'),
(2493, 203, 'Surabaya'),
(2494, 203, 'Sukamenanti'),
(2495, 203, 'Surabaya 2'),
(2496, 205, 'Labuhan Ratu Raya'),
(2497, 204, 'Beringin Raya'),
(2498, 204, 'Kemiling Permai'),
(2499, 204, 'Sumber Rejo'),
(2500, 204, 'Kemiling Permai 2'),
(2501, 204, 'Beringin Jaya'),
(2502, 206, 'Gunung Agung'),
(2503, 205, 'Sepang Jaya'),
(2504, 210, 'Way Kandis'),
(2505, 206, 'Gunung Terang'),
(2506, 207, 'Sukajawa Baru'),
(2507, 215, 'Ketapang'),
(2508, 217, 'Sukabumi Indah 2'),
(2509, 217, 'Sukabumi'),
(2510, 216, 'Gedong Meneng'),
(2511, 216, 'Rajabasa'),
(2512, 216, 'Rajabasa 2'),
(2513, 216, 'Rajabasa Raya'),
(2514, 216, 'Rajabasa Raya 2'),
(2515, 217, 'Sukabumi 2'),
(2516, 217, 'Sukabumi Indah 3'),
(2517, 218, 'Sukarame'),
(2518, 218, 'Sukarame 2'),
(2519, 218, 'Sukarame 3'),
(2520, 218, 'Sukarame 4'),
(2521, 210, 'Way Kandis 2'),
(2522, 218, 'Sukarame 5'),
(2523, 210, 'Perumnas Way Kandis'),
(2524, 210, 'Labuhan Dalam'),
(2525, 207, 'Gedong Air'),
(2526, 207, 'Segala Mider 2'),
(2527, 208, 'Gotong Royong'),
(2528, 208, 'Durian Payung'),
(2529, 208, 'Palapa'),
(2530, 210, 'Tanjung Senang'),
(2531, 210, 'Tanjung Senang 2'),
(2532, 219, 'Jagabaya II'),
(2533, 219, 'Way Halim Permai'),
(2534, 213, 'Sukamaju'),
(2535, 212, 'Talang'),
(2536, 214, 'Gulak Galik'),
(2537, 26, 'Bali Agung'),
(2538, 26, 'Bandan Hurip'),
(2539, 26, 'Bangunan'),
(2540, 26, 'Kalirejo'),
(2541, 26, 'Mekar Mulya'),
(2542, 26, 'Palas Aji'),
(2543, 26, 'Palas Jaya'),
(2544, 26, 'Palas Pasemah'),
(2545, 26, 'Pematang Baru'),
(2546, 26, 'Pulau Jaya'),
(2547, 26, 'Pulau Tengah'),
(2548, 26, 'Rejo Mulyo'),
(2549, 26, 'Tanjung Sari'),
(2550, 25, 'Branti Raya'),
(2551, 25, 'Natar'),
(2552, 120, 'Pulau Legundi'),
(2553, 120, 'Pulau Legundi 2'),
(2554, 120, 'Pulau Legundi 3'),
(2555, 120, 'Pulau Legundi 4'),
(2556, 120, 'Pulau Legundi 5'),
(2557, 120, 'Pulau Legundi 6'),
(2558, 120, 'Pulau Legundi 7'),
(2559, 120, 'Pulau Legundi 8'),
(2560, 120, 'Pulau Legundi 9'),
(2561, 120, 'Pulau Legundi 10'),
(2562, 120, 'Pulau Legundi 11'),
(2563, 120, 'Pulau Legundi 12');

-- --------------------------------------------------------

--
-- Table structure for table `lokasi_kabupaten`
--

CREATE TABLE `lokasi_kabupaten` (
  `id_kabupaten` int(10) NOT NULL,
  `nama_kabupaten` varchar(50) NOT NULL
) ENGINE=InnoDB DEFAULT CHARSET=latin1;

--
-- Dumping data for table `lokasi_kabupaten`
--

INSERT INTO `lokasi_kabupaten` (`id_kabupaten`, `nama_kabupaten`) VALUES
(1, 'Lampung Barat'),
(2, 'Lampung Selatan'),
(3, 'Lampung Tengah'),
(4, 'Lampung Timur'),
(5, 'Lampung Utara'),
(6, 'Mesuji'),
(7, 'Pesawaran'),
(8, 'Pringsewu'),
(9, 'Tanggamus'),
(10, 'Tulang Bawang'),
(11, 'Tulang Bawang Barat'),
(12, 'Way Kanan'),
(13, 'Pesisir Barat'),
(14, 'Kota Bandar Lampung'),
(15, 'Kota Metro'),
(16, 'Ogan Ilir'),
(17, 'Lebak'),
(18, 'Simalungun'),
(19, 'Tidore Kepulauan'),
(20, 'Ternate');

-- --------------------------------------------------------

--
-- Table structure for table `lokasi_kecamatan`
--

CREATE TABLE `lokasi_kecamatan` (
  `id_kecamatan` int(100) NOT NULL,
  `id_kabupaten` int(10) NOT NULL,
  `nama_kecamatan` varchar(100) NOT NULL
) ENGINE=InnoDB DEFAULT CHARSET=latin1;

--
-- Dumping data for table `lokasi_kecamatan`
--

INSERT INTO `lokasi_kecamatan` (`id_kecamatan`, `id_kabupaten`, `nama_kecamatan`) VALUES
(1, 1, 'Air Hitam'),
(2, 1, 'Balik Bukit'),
(3, 1, 'Bandar Negeri Suoh'),
(4, 1, 'Batu Brak'),
(5, 1, 'Batu Ketulis'),
(6, 1, 'Belalau'),
(7, 1, 'Gedung Surian'),
(8, 1, 'Kebun Tebu'),
(9, 1, 'Lumbok Seminung'),
(11, 1, 'Sekincau'),
(12, 1, 'Sukau'),
(13, 1, 'Sumberjaya'),
(14, 1, 'Suoh'),
(15, 1, 'Way Tenong'),
(16, 2, 'Bakauheni'),
(17, 2, 'Candipuro'),
(18, 2, 'Jati Agung'),
(19, 2, 'Kalianda'),
(20, 2, 'Katibung'),
(21, 2, 'Ketapang'),
(22, 2, 'Merbau Mataram'),
(23, 2, 'Adi Luwih'),
(24, 2, 'Sukoharjo'),
(25, 2, 'Natar'),
(26, 2, 'Palas'),
(27, 2, 'Penengahan'),
(28, 2, 'Rajabasa'),
(29, 2, 'Sidomulyo'),
(30, 2, 'Sragi'),
(31, 2, 'Tanjung Bintang'),
(32, 2, 'Tanjungsari'),
(33, 2, 'Way Panji'),
(34, 2, 'Way Sulan'),
(35, 3, 'Anak Ratu Aji'),
(36, 3, 'Anak Tuha'),
(37, 3, 'Bandar Mataram'),
(38, 3, 'Bandar Surabaya'),
(39, 3, 'Bangun Rejo'),
(40, 3, 'Bekri'),
(41, 3, 'Bumi Nabung'),
(42, 3, 'Bumi Ratu Nuban'),
(43, 3, 'Gunung Sugih'),
(44, 3, 'Kalirejo'),
(45, 3, 'Kota Gajah'),
(46, 3, 'Padang Ratu'),
(47, 3, 'Pubian'),
(48, 3, 'Punggur'),
(49, 3, 'Putra Rumbia'),
(50, 3, 'Rumbia'),
(51, 3, 'Selagai Lingga'),
(52, 3, 'Sendang Agung'),
(53, 3, 'Seputih Agung'),
(54, 3, 'Seputih Banyak'),
(55, 3, 'Seputih Mataram'),
(56, 3, 'Seputih Raman'),
(57, 3, 'Seputih Surabaya'),
(58, 3, 'Terbanggi Besar'),
(59, 3, 'Terusan Nunyai'),
(60, 3, 'Trimurjo'),
(61, 3, 'Way Pengubuan'),
(62, 3, 'Way Seputih'),
(63, 4, 'Sukadana'),
(64, 4, 'Labuhan Maringgai'),
(65, 4, 'Jabung'),
(66, 4, 'Batang Hari'),
(67, 4, 'Sekampung'),
(68, 4, 'Pekalongan'),
(69, 4, 'Way Jepara'),
(70, 4, 'Purbolinggo'),
(71, 4, 'Raman Utara'),
(72, 4, 'Metro Kibang'),
(73, 4, 'Marga Tiga'),
(74, 4, 'Sekampung Udik'),
(75, 4, 'Batang Hari Nuban'),
(76, 4, 'Bumi Agung'),
(77, 4, 'Bandar Sribawono'),
(78, 4, 'Mataram Baru'),
(79, 4, 'Melinting'),
(80, 4, 'Gunung Pelindung'),
(81, 4, 'Pasir Sakti'),
(82, 4, 'Waway Karya'),
(83, 4, 'Labuhan Ratu'),
(84, 4, 'Braja Slebah'),
(85, 4, 'Way Bungur'),
(86, 4, 'Marga Sekampung'),
(87, 5, 'Abung Barat'),
(88, 5, 'Abung Kunang'),
(89, 5, 'Abung Surakata'),
(90, 5, 'Abung Pekurun'),
(91, 5, 'Abung Semuli'),
(92, 5, 'Abung Tengah'),
(93, 5, 'Abung Timur'),
(94, 5, 'Abung Tinggi'),
(95, 5, 'Blambangan Pagar'),
(96, 5, 'Bukit Kemuning'),
(97, 5, 'Bunga Mayang'),
(98, 5, 'Hulu Sungkai'),
(99, 5, 'Kotabumi Kota'),
(100, 5, 'Kotabumi Selatan'),
(101, 5, 'Kotabumi Utara'),
(102, 5, 'Muara Sungkai'),
(103, 5, 'Sungkai Barat'),
(104, 5, 'Sungkai Jaya'),
(105, 5, 'Sungkai Selatan'),
(106, 5, 'Sungkai Tengah'),
(107, 5, 'Sungkai Utara'),
(108, 5, 'Tanjung Raja'),
(109, 6, 'Mesuji'),
(110, 6, 'Mesuji Timur'),
(111, 6, 'Panca Jaya'),
(113, 6, 'Simpang Pematang'),
(114, 6, 'Tanjung Raya'),
(115, 6, 'Way Serdang'),
(116, 7, 'Gedong Tataan'),
(117, 7, 'Kedondong'),
(118, 7, 'Negeri Katon'),
(119, 7, 'Padang Cermin'),
(120, 7, 'Punduh Pidada'),
(121, 7, 'Tegineneng'),
(122, 7, 'Way Lima'),
(123, 7, 'Waykhilau'),
(124, 7, 'Margapunduh'),
(125, 8, 'Adi Luwih'),
(126, 8, 'Ambarawa'),
(127, 8, 'Banyumas'),
(128, 8, 'Gading Rejo'),
(129, 8, 'Pagelaran'),
(130, 8, 'Pardasuka'),
(131, 8, 'Pringsewu'),
(132, 8, 'Sukoharjo'),
(133, 9, 'Air Naningan'),
(134, 9, 'Bandar Negeri Semuong'),
(135, 9, 'Bulok'),
(136, 9, 'Cukuh Balak'),
(137, 9, 'Gisting'),
(138, 9, 'Kota Agung Barat'),
(139, 9, 'Kota Agung Pusat'),
(140, 9, 'Kota Agung Timur'),
(141, 9, 'Kelumbayan'),
(142, 9, 'Kelumbayan Barat'),
(143, 9, 'Limau'),
(144, 9, 'Pematang Sawa'),
(145, 9, 'Pugung'),
(146, 9, 'Pulau Panggung'),
(147, 9, 'Semaka'),
(148, 9, 'Sumberejo'),
(149, 9, 'Talang Padang'),
(150, 9, 'Ulubelu'),
(151, 9, 'Wonosobo'),
(152, 10, 'Banjar Agung'),
(153, 10, 'Banjar Baru'),
(154, 10, 'Banjar Margo'),
(155, 10, 'Dente Teladas'),
(156, 10, 'Gedung Aji'),
(157, 10, 'Gedung Aji Baru'),
(158, 10, 'Gedung Meneng'),
(159, 10, 'Menggala'),
(160, 10, 'Menggala Timur'),
(161, 10, 'Meraksa Aji'),
(162, 10, 'Penawar Aji'),
(163, 10, 'Penawar Tama'),
(164, 10, 'Rawajitu Selatan'),
(165, 10, 'Rawajitu Timur'),
(166, 10, 'Rawa Pitu'),
(167, 11, 'Gunung Agung'),
(168, 11, 'Gunung Terang'),
(169, 11, 'Lambu Kibang'),
(170, 11, 'Pagar Dewa'),
(171, 11, 'Tulang Bawang Tengah'),
(172, 11, 'Tulang Bawang Udik'),
(173, 11, 'Tumi Jajar'),
(174, 11, 'Way Kenanga'),
(175, 12, 'Bahuga'),
(176, 12, 'Banjit'),
(177, 12, 'Baradatu'),
(178, 12, 'Blambangan Umpu'),
(179, 12, 'Buay Bahuga'),
(180, 12, 'Bumi Agung'),
(181, 12, 'Gunung Labuhan'),
(182, 12, 'Kasui'),
(183, 12, 'Negara Batin'),
(184, 12, 'Negeri Agung'),
(185, 12, 'Negeri Besar'),
(186, 12, 'Pakuan Ratu'),
(187, 12, 'Rebang Tangkas'),
(188, 12, 'Way Tuba'),
(189, 13, 'Bengkunat'),
(190, 13, 'Bengkunat Belimbing'),
(191, 13, 'Karya Penggawa'),
(192, 13, 'Krui Selatan'),
(193, 13, 'Lemong'),
(194, 13, 'Ngambur'),
(195, 13, 'Pesisir Selatan'),
(196, 13, 'Pesisir Tengah'),
(197, 13, 'Pesisir Utara'),
(198, 13, 'Way Krui'),
(199, 13, 'Pulau Pisang'),
(200, 14, 'Bumi Waras'),
(201, 14, 'Enggal'),
(202, 14, 'Kedamaian'),
(203, 14, 'Kedaton'),
(204, 14, 'Kemiling'),
(205, 14, 'Labuhan Ratu'),
(206, 14, 'Langkapura'),
(207, 14, 'Tanjung Karang Barat'),
(208, 14, 'Tanjung Karang Pusat'),
(209, 14, 'Tanjung Karang Timur'),
(210, 14, 'Tanjung Senang'),
(211, 14, 'Teluk Betung Barat'),
(212, 14, 'Teluk Betung Selatan'),
(213, 14, 'Teluk Betung Timur'),
(214, 14, 'Teluk Betung Utara'),
(215, 14, 'Panjang'),
(216, 14, 'Rajabasa'),
(217, 14, 'Sukabumi'),
(218, 14, 'Sukarame'),
(219, 14, 'Way Halim'),
(220, 15, 'Metro Barat'),
(221, 15, 'Metro Pusat'),
(222, 15, 'Metro Selatan'),
(223, 15, 'Metro Timur'),
(224, 15, 'Metro Utara'),
(225, 6, 'Rawajitu Utara'),
(226, 9, 'Gunung Alif'),
(227, 16, 'Indralaya Mulya'),
(228, 7, 'Way Ratai'),
(229, 8, 'Pagelaran Utara'),
(230, 11, 'Batu Putih'),
(231, 1, 'Pagar Dewa'),
(232, 17, 'Banten'),
(233, 17, 'Warunggunung'),
(234, 17, 'Cibadak'),
(235, 18, 'Pematang Silimahuta'),
(236, 19, 'Tidore Selatan'),
(237, 20, 'Ternate Utara'),
(238, 7, 'Teluk Pandan'),
(239, 5, 'Abung Selatan');

--
-- Indexes for dumped tables
--

--
-- Indexes for table `domisili_kabupaten`
--
ALTER TABLE `domisili_kabupaten`
  ADD PRIMARY KEY (`id_kabupaten`);

--
-- Indexes for table `domisili_kecamatan`
--
ALTER TABLE `domisili_kecamatan`
  ADD PRIMARY KEY (`id_kecamatan`),
  ADD KEY `id_kabupaten` (`id_kabupaten`);

--
-- Indexes for table `lokasi_desa`
--
ALTER TABLE `lokasi_desa`
  ADD PRIMARY KEY (`id_desa`),
  ADD KEY `id_kecamatan` (`id_kecamatan`);

--
-- Indexes for table `lokasi_kabupaten`
--
ALTER TABLE `lokasi_kabupaten`
  ADD PRIMARY KEY (`id_kabupaten`);

--
-- Indexes for table `lokasi_kecamatan`
--
ALTER TABLE `lokasi_kecamatan`
  ADD PRIMARY KEY (`id_kecamatan`),
  ADD KEY `id_kabupaten` (`id_kabupaten`);

--
-- AUTO_INCREMENT for dumped tables
--

--
-- AUTO_INCREMENT for table `domisili_kabupaten`
--
ALTER TABLE `domisili_kabupaten`
  MODIFY `id_kabupaten` int(10) NOT NULL AUTO_INCREMENT, AUTO_INCREMENT=17;

--
-- AUTO_INCREMENT for table `domisili_kecamatan`
--
ALTER TABLE `domisili_kecamatan`
  MODIFY `id_kecamatan` int(100) NOT NULL AUTO_INCREMENT, AUTO_INCREMENT=229;

--
-- AUTO_INCREMENT for table `lokasi_desa`
--
ALTER TABLE `lokasi_desa`
  MODIFY `id_desa` int(100) NOT NULL AUTO_INCREMENT, AUTO_INCREMENT=2564;

--
-- AUTO_INCREMENT for table `lokasi_kabupaten`
--
ALTER TABLE `lokasi_kabupaten`
  MODIFY `id_kabupaten` int(10) NOT NULL AUTO_INCREMENT, AUTO_INCREMENT=21;

--
-- AUTO_INCREMENT for table `lokasi_kecamatan`
--
ALTER TABLE `lokasi_kecamatan`
  MODIFY `id_kecamatan` int(100) NOT NULL AUTO_INCREMENT, AUTO_INCREMENT=240;

--
-- Constraints for dumped tables
--

--
-- Constraints for table `domisili_kecamatan`
--
ALTER TABLE `domisili_kecamatan`
  ADD CONSTRAINT `lok_kab` FOREIGN KEY (`id_kabupaten`) REFERENCES `domisili_kabupaten` (`id_kabupaten`) ON DELETE CASCADE ON UPDATE CASCADE;

--
-- Constraints for table `lokasi_desa`
--
ALTER TABLE `lokasi_desa`
  ADD CONSTRAINT `loc_kec` FOREIGN KEY (`id_kecamatan`) REFERENCES `lokasi_kecamatan` (`id_kecamatan`) ON DELETE CASCADE ON UPDATE CASCADE;

--
-- Constraints for table `lokasi_kecamatan`
--
ALTER TABLE `lokasi_kecamatan`
  ADD CONSTRAINT `loc_kab` FOREIGN KEY (`id_kabupaten`) REFERENCES `lokasi_kabupaten` (`id_kabupaten`) ON DELETE CASCADE ON UPDATE CASCADE;
COMMIT;

/*!40101 SET CHARACTER_SET_CLIENT=@OLD_CHARACTER_SET_CLIENT */;
/*!40101 SET CHARACTER_SET_RESULTS=@OLD_CHARACTER_SET_RESULTS */;
/*!40101 SET COLLATION_CONNECTION=@OLD_COLLATION_CONNECTION */;
